Id,MSSubClass,MSZoning,LotFrontage,LotArea,Street,Alley,LotShape,LandContour,Utilities,LotConfig,LandSlope,Neighborhood,Condition1,Condition2,BldgType,HouseStyle,OverallQual,OverallCond,YearBuilt,YearRemodAdd,RoofStyle,RoofMatl,Exterior1st,Exterior2nd,MasVnrType,MasVnrArea,ExterQual,ExterCond,Foundation,BsmtQual,BsmtCond,BsmtExposure,BsmtFinType1,BsmtFinSF1,BsmtFinType2,BsmtFinSF2,BsmtUnfSF,TotalBsmtSF,Heating,HeatingQC,CentralAir,Electrical,1stFlrSF,2ndFlrSF,LowQualFinSF,GrLivArea,BsmtFullBath,BsmtHalfBath,FullBath,HalfBath,BedroomAbvGr,KitchenAbvGr,KitchenQual,TotRmsAbvGrd,Functional,Fireplaces,FireplaceQu,GarageType,GarageYrBlt,GarageFinish,GarageCars,GarageArea,GarageQual,GarageCond,PavedDrive,WoodDeckSF,OpenPorchSF,EnclosedPorch,3SsnPorch,ScreenPorch,PoolArea,PoolQC,Fence,MiscFeature,MiscVal,MoSold,YrSold,SaleType,SaleCondition,SalePrice
1094,20,RL,71.0,9230,Pave,,Reg,Lvl,AllPub,Corner,Gtl,mes,Feedr,Norm,1Fam,1Story,5,8,1965,1998,Hip,CompShg,MetalSd,MetalSd,BrkFace,166.0,TA,TA,CBlock,TA,TA,Mn,GLQ,661,Unf,0,203,864,GasA,Gd,Y,SBrkr,1200,0,0,1200,1,0,1,1,1,1,Gd,6,Typ,0,,Detchd,1977.0,Unf,2,884,TA,TA,Y,0,64,0,0,0,0,,MnPrv,,0,10,2006,WD,Normal,146000
1314,60,RL,108.0,14774,Pave,,IR1,Lvl,AllPub,Corner,Gtl,NoRidge,Norm,Norm,1Fam,2Story,9,5,1999,1999,Gable,CompShg,VinylSd,VinylSd,BrkFace,165.0,Gd,TA,PConc,Gd,TA,No,Unf,0,Unf,0,1393,1393,GasA,Ex,Y,SBrkr,1422,1177,0,2599,0,0,2,1,4,1,Gd,10,Typ,1,TA,BuiltIn,1999.0,Fin,3,779,TA,TA,Y,668,30,0,0,0,0,,,,0,5,2010,WD,Normal,333168
620,60,RL,85.0,12244,Pave,,Reg,Lvl,AllPub,Inside,Gtl,Timber,Norm,Norm,1Fam,2Story,8,5,2003,2003,Hip,CompShg,VinylSd,VinylSd,Stone,226.0,Gd,TA,PConc,Gd,TA,Gd,GLQ,871,Unf,0,611,1482,GasA,Ex,Y,SBrkr,1482,780,0,2262,1,0,2,1,4,1,Gd,10,Typ,2,Gd,Attchd,2003.0,Fin,3,749,TA,TA,Y,168,0,0,0,0,0,,,,0,8,2008,WD,Normal,305000
71,20,RL,95.0,13651,Pave,,IR1,Lvl,AllPub,Inside,Gtl,mes,Norm,Norm,1Fam,1Story,7,6,1973,1973,Gable,CompShg,Plywood,Plywood,BrkFace,1115.0,TA,Gd,CBlock,Gd,TA,Gd,ALQ,1880,Unf,0,343,2223,GasA,Ex,Y,SBrkr,2223,0,0,2223,1,0,2,0,3,1,TA,8,Typ,2,Gd,Attchd,1973.0,Fin,2,516,TA,TA,Y,300,0,0,0,0,0,,,,0,2,2007,WD,Normal,244000
732,80,RL,73.0,9590,Pave,,IR1,Lvl,AllPub,Corner,Gtl,Timber,Norm,Norm,1Fam,SLvl,7,5,2003,2003,Gable,CompShg,VinylSd,VinylSd,BrkFace,442.0,Gd,TA,PConc,Ex,TA,Av,GLQ,786,Unf,0,82,868,GasA,Ex,Y,SBrkr,1146,0,0,1146,1,0,2,0,3,1,Gd,6,Typ,1,Gd,Attchd,2003.0,Fin,2,438,TA,TA,Y,160,22,0,0,0,0,,,,0,5,2007,WD,Normal,187500
988,20,RL,83.0,10159,Pave,,IR1,Lvl,AllPub,Inside,Gtl,NridgHt,Norm,Norm,1Fam,1Story,9,5,2009,2010,Hip,CompShg,VinylSd,VinylSd,Stone,450.0,Ex,TA,PConc,Ex,TA,Av,GLQ,1646,Unf,0,284,1930,GasA,Ex,Y,SBrkr,1940,0,0,1940,1,0,2,1,3,1,Ex,8,Typ,1,Gd,Attchd,2010.0,Fin,3,606,TA,TA,Y,168,95,0,0,0,0,,,,0,4,2010,New,Partial,395192
303,20,RL,118.0,13704,Pave,,IR1,Lvl,AllPub,Corner,Gtl,CollgCr,Norm,Norm,1Fam,1Story,7,5,2001,2002,Gable,CompShg,VinylSd,VinylSd,BrkFace,150.0,Gd,TA,PConc,Gd,TA,No,Unf,0,Unf,0,1541,1541,GasA,Ex,Y,SBrkr,1541,0,0,1541,0,0,2,0,3,1,Gd,6,Typ,1,TA,Attchd,2001.0,RFn,3,843,TA,TA,Y,468,81,0,0,0,0,,,,0,1,2006,WD,Normal,205000
507,60,RL,80.0,9554,Pave,,IR1,Lvl,AllPub,Inside,Gtl,SawyerW,Norm,Norm,1Fam,2Story,8,5,1993,1994,Gable,CompShg,VinylSd,VinylSd,BrkFace,125.0,Gd,TA,PConc,Gd,TA,No,GLQ,380,Unf,0,397,777,GasA,Ex,Y,SBrkr,1065,846,0,1911,0,0,2,1,3,1,Gd,8,Typ,1,TA,Attchd,1993.0,RFn,2,471,TA,TA,Y,182,81,0,0,0,0,,,,0,9,2006,WD,Normal,215000
1416,120,RL,51.0,3635,Pave,,Reg,Lvl,AllPub,Inside,Gtl,Blmngtn,Norm,Norm,TwnhsE,1Story,7,5,2007,2007,Hip,CompShg,VinylSd,VinylSd,BrkFace,130.0,Gd,TA,PConc,Gd,TA,No,ALQ,988,Unf,0,398,1386,GasA,Ex,Y,SBrkr,1569,0,0,1569,0,1,2,0,1,1,Gd,7,Typ,1,TA,Attchd,2007.0,RFn,3,660,TA,TA,Y,143,20,0,0,0,0,,,,0,5,2009,WD,Normal,175900
919,60,RL,103.0,13125,Pave,,IR1,Lvl,AllPub,Corner,Gtl,SawyerW,Norm,Norm,1Fam,2Story,7,5,1991,1991,Gable,CompShg,HdBoard,HdBoard,,0.0,Gd,TA,PConc,Ex,TA,Mn,BLQ,48,GLQ,634,422,1104,GasA,Ex,Y,SBrkr,912,1215,0,2127,1,0,2,1,4,1,Gd,8,Typ,1,TA,Attchd,1991.0,RFn,3,833,TA,TA,Y,72,192,224,0,0,0,,GdPrv,,0,11,2007,WD,Normal,238000
1240,20,RL,64.0,9037,Pave,,IR1,HLS,AllPub,Inside,Gtl,Timber,Norm,Norm,1Fam,1Story,8,5,2006,2006,Hip,CompShg,VinylSd,VinylSd,BrkFace,32.0,Gd,TA,PConc,Gd,TA,Av,GLQ,428,Unf,0,1048,1476,GasA,Ex,Y,SBrkr,1484,0,0,1484,0,0,2,0,2,1,Ex,6,Typ,1,Gd,Attchd,2006.0,RFn,2,472,TA,TA,Y,120,33,0,0,0,0,,,,0,12,2007,WD,Normal,265900
444,120,RL,53.0,3922,Pave,,Reg,Lvl,AllPub,Inside,Gtl,Blmngtn,Norm,Norm,TwnhsE,1Story,7,5,2006,2007,Gable,CompShg,WdShing,Wd Shng,BrkFace,72.0,Gd,TA,PConc,Ex,TA,Av,Unf,0,Unf,0,1258,1258,GasA,Ex,Y,SBrkr,1258,0,0,1258,0,0,2,0,2,1,Gd,6,Typ,1,Gd,Attchd,2007.0,Fin,3,648,TA,TA,Y,144,16,0,0,0,0,,,,0,6,2007,New,Partial,172500
1206,20,RL,90.0,14684,Pave,,IR1,Lvl,AllPub,CulDSac,Gtl,SawyerW,Norm,Norm,1Fam,1Story,7,7,1990,1991,Hip,CompShg,HdBoard,HdBoard,BrkFace,234.0,Gd,TA,CBlock,Gd,TA,Mn,ALQ,485,BLQ,177,1496,2158,GasA,Gd,Y,SBrkr,2196,0,0,2196,0,0,2,0,3,1,Gd,7,Typ,1,TA,Attchd,1990.0,RFn,3,701,TA,TA,Y,84,70,0,0,0,0,,,,0,6,2009,WD,Normal,271900
831,20,RL,80.0,11900,Pave,,IR1,Lvl,AllPub,Corner,Gtl,mes,Norm,Norm,1Fam,1Story,6,5,1957,1957,Gable,CompShg,HdBoard,HdBoard,BrkFace,387.0,TA,TA,CBlock,TA,TA,No,Rec,1040,Unf,0,352,1392,GasA,TA,Y,FuseA,1392,0,0,1392,1,0,1,1,3,1,TA,6,Typ,2,Gd,Attchd,1957.0,RFn,2,458,TA,TA,Y,0,0,0,0,192,0,,,,0,6,2008,WD,Normal,166000
1053,60,RL,100.0,9500,Pave,,Reg,Lvl,AllPub,Corner,Gtl,mes,Artery,Norm,1Fam,2Story,6,6,1964,1978,Gable,CompShg,VinylSd,VinylSd,BrkCmn,272.0,TA,TA,CBlock,TA,TA,No,Rec,442,Unf,0,374,816,GasA,TA,Y,SBrkr,1127,850,0,1977,0,1,1,1,4,1,TA,9,Typ,1,TA,Attchd,1964.0,RFn,2,540,TA,TA,Y,0,52,0,0,0,0,,GdPrv,,0,6,2007,WD,Normal,165000
83,20,RL,78.0,10206,Pave,,Reg,Lvl,AllPub,Inside,Gtl,Somerst,Norm,Norm,1Fam,1Story,8,5,2007,2007,Gable,CompShg,VinylSd,VinylSd,Stone,468.0,TA,TA,PConc,Gd,TA,No,GLQ,33,Unf,0,1530,1563,GasA,Ex,Y,SBrkr,1563,0,0,1563,0,0,2,0,3,1,Gd,6,Typ,1,Gd,Attchd,2007.0,RFn,3,758,TA,TA,Y,144,99,0,0,0,0,,,,0,10,2008,WD,Normal,245000
368,80,RL,101.0,9150,Pave,,IR1,Lvl,AllPub,Corner,Gtl,mes,Norm,Norm,1Fam,SLvl,6,5,1962,1962,Gable,Tar&Grv,Plywood,Plywood,BrkFace,305.0,TA,TA,CBlock,Gd,TA,Gd,GLQ,371,Unf,0,728,1099,GasA,Gd,Y,SBrkr,1431,0,0,1431,0,1,1,0,3,1,TA,6,Typ,1,Gd,Basment,1962.0,RFn,1,296,TA,TA,Y,64,110,0,0,0,0,,,,0,12,2008,WD,Normal,165000
699,20,RL,65.0,8450,Pave,,Reg,Lvl,AllPub,Inside,Gtl,Sawyer,RRAe,Norm,1Fam,1Story,5,8,1965,2009,Gable,CompShg,MetalSd,MetalSd,,0.0,TA,Gd,CBlock,TA,TA,No,GLQ,553,BLQ,117,224,894,GasA,Ex,Y,SBrkr,894,0,0,894,1,0,1,0,3,1,TA,5,Typ,1,Gd,Detchd,1973.0,Unf,1,336,TA,TA,Y,416,144,0,0,0,0,,MnPrv,,0,4,2010,WD,Normal,138500
853,75,RL,53.0,7128,Pave,,Reg,Lvl,AllPub,Inside,Gtl,Crawfor,Norm,Norm,1Fam,2.5Unf,7,5,1941,1950,Gable,CompShg,MetalSd,MetalSd,,0.0,TA,Gd,CBlock,TA,TA,No,Rec,364,Unf,0,554,918,GasA,Gd,Y,SBrkr,918,728,0,1646,0,0,2,0,4,1,TA,7,Typ,2,Gd,Detchd,1941.0,Unf,1,240,TA,TA,Y,0,0,0,0,126,0,,MnPrv,,0,8,2007,WD,Normal,164000
1131,50,RL,65.0,7804,Pave,,Reg,Lvl,AllPub,Inside,Gtl,SWISU,Norm,Norm,1Fam,1.5Fin,4,3,1928,1950,Gable,CompShg,WdShing,Plywood,,0.0,TA,TA,BrkTil,TA,TA,No,BLQ,622,Unf,0,500,1122,GasA,TA,Y,SBrkr,1328,653,0,1981,1,0,2,0,4,1,Gd,7,Min2,2,TA,Detchd,1981.0,Unf,2,576,TA,TA,Y,431,44,0,0,0,0,,MnPrv,,0,12,2009,WD,Normal,135000
954,60,RL,,11075,Pave,,IR1,Lvl,AllPub,Inside,Mod,Mitchel,Norm,Norm,1Fam,2Story,5,4,1969,1969,Gable,CompShg,HdBoard,HdBoard,BrkFace,232.0,TA,TA,CBlock,TA,TA,Av,ALQ,562,LwQ,193,29,784,GasA,Ex,Y,SBrkr,1168,800,0,1968,0,1,2,1,4,1,TA,7,Min2,1,Po,Attchd,1969.0,RFn,2,530,TA,TA,Y,305,189,0,0,0,0,,MnPrv,Shed,400,9,2008,WD,Normal,172000
1015,20,RL,60.0,11664,Pave,,Reg,Lvl,AllPub,Inside,Gtl,mes,Artery,Norm,1Fam,1Story,6,5,1948,1950,Gable,CompShg,MetalSd,MetalSd,BrkFace,206.0,TA,TA,CBlock,TA,Fa,No,BLQ,336,Unf,0,746,1082,GasA,TA,Y,SBrkr,1082,0,0,1082,0,0,1,0,2,1,TA,5,Typ,1,Gd,Detchd,1948.0,Unf,1,240,TA,TA,Y,0,130,0,0,0,0,,,,0,11,2007,WD,Normal,119200
28,20,RL,98.0,11478,Pave,,Reg,Lvl,AllPub,Inside,Gtl,NridgHt,Norm,Norm,1Fam,1Story,8,5,2007,2008,Gable,CompShg,VinylSd,VinylSd,Stone,200.0,Gd,TA,PConc,Ex,TA,No,GLQ,1218,Unf,0,486,1704,GasA,Ex,Y,SBrkr,1704,0,0,1704,1,0,2,0,3,1,Gd,7,Typ,1,Gd,Attchd,2008.0,RFn,3,772,TA,TA,Y,0,50,0,0,0,0,,,,0,5,2010,WD,Normal,306000
205,50,RM,50.0,3500,Pave,Grvl,Reg,Lvl,AllPub,Inside,Gtl,OldTown,Norm,Norm,1Fam,1.5Fin,5,7,1947,1950,Gable,CompShg,AsbShng,AsbShng,,0.0,TA,TA,CBlock,TA,TA,No,LwQ,312,Unf,0,408,720,GasA,TA,Y,SBrkr,720,564,0,1284,0,0,1,1,2,1,TA,5,Typ,0,,Detchd,1948.0,Unf,1,240,TA,TA,Y,0,35,0,0,0,0,,MnWw,,0,4,2009,WD,Normal,110000
1121,30,RM,59.0,8263,Pave,,Reg,Bnk,AllPub,Inside,Mod,IDOTRR,Norm,Norm,1Fam,1Story,6,5,1920,1950,Gable,CompShg,BrkFace,BrkFace,,0.0,TA,TA,BrkTil,TA,TA,No,Unf,0,Unf,0,1012,1012,GasA,TA,Y,FuseA,1012,0,0,1012,0,0,1,0,2,1,TA,6,Typ,1,Gd,Detchd,1920.0,Unf,1,308,TA,TA,Y,0,22,112,0,0,0,,MnPrv,,0,5,2007,WD,Normal,118400
1406,120,RM,44.0,3842,Pave,,IR1,HLS,AllPub,Inside,Mod,Crawfor,Norm,Norm,TwnhsE,1Story,8,5,2004,2005,Hip,CompShg,CemntBd,CmentBd,Stone,174.0,Gd,TA,PConc,Ex,TA,Gd,GLQ,1373,Unf,0,221,1594,GasA,Ex,Y,SBrkr,1646,0,0,1646,1,1,2,0,2,1,Gd,5,Typ,1,Gd,Attchd,2004.0,Fin,2,482,TA,TA,Y,128,53,0,0,155,0,,,,0,1,2008,WD,Normal,275000
1106,60,RL,98.0,12256,Pave,,IR1,Lvl,AllPub,Corner,Gtl,NoRidge,Norm,Norm,1Fam,2Story,8,5,1994,1995,Gable,CompShg,HdBoard,HdBoard,BrkFace,362.0,Gd,TA,PConc,Ex,TA,Av,GLQ,1032,Unf,0,431,1463,GasA,Ex,Y,SBrkr,1500,1122,0,2622,1,0,2,1,3,1,Gd,9,Typ,2,TA,Attchd,1994.0,RFn,2,712,TA,TA,Y,186,32,0,0,0,0,,,,0,4,2010,WD,Normal,325000
1143,60,RL,77.0,9965,Pave,,Reg,Lvl,AllPub,Inside,Gtl,CollgCr,Norm,Norm,1Fam,2Story,8,5,2006,2007,Hip,CompShg,VinylSd,VinylSd,Stone,340.0,Gd,TA,PConc,Ex,TA,Gd,GLQ,1150,Unf,0,316,1466,GasA,Ex,Y,SBrkr,1466,1362,0,2828,1,0,3,0,4,1,Gd,11,Typ,1,TA,BuiltIn,2006.0,RFn,3,1052,TA,TA,Y,125,144,0,0,0,0,,,,0,4,2007,New,Partial,424870
733,60,RL,75.0,11404,Pave,,IR1,Lvl,AllPub,Inside,Gtl,CollgCr,Norm,Norm,1Fam,2Story,7,5,1998,1999,Gable,CompShg,VinylSd,VinylSd,BrkFace,202.0,Gd,TA,PConc,Gd,TA,Av,ALQ,252,Unf,0,901,1153,GasA,Ex,Y,SBrkr,1153,878,0,2031,0,0,2,1,3,1,Gd,8,Typ,1,TA,Attchd,1998.0,Fin,2,541,TA,TA,Y,192,84,0,0,0,0,,,,0,7,2008,WD,Normal,222500
102,60,RL,77.0,9206,Pave,,Reg,Lvl,AllPub,Inside,Gtl,SawyerW,Norm,Norm,1Fam,2Story,6,5,1985,1985,Gable,CompShg,HdBoard,HdBoard,BrkFace,336.0,Gd,TA,CBlock,Gd,TA,No,Unf,0,Unf,0,741,741,GasA,TA,Y,SBrkr,977,755,0,1732,0,0,2,1,3,1,Gd,7,Typ,1,TA,Attchd,1985.0,Fin,2,476,TA,TA,Y,192,46,0,0,0,0,,,,0,6,2010,WD,Normal,178000
130,20,RL,69.0,8973,Pave,,Reg,Lvl,AllPub,Inside,Gtl,mes,Norm,Norm,1Fam,1Story,5,7,1958,1991,Gable,CompShg,Plywood,Plywood,BrkFace,85.0,TA,TA,CBlock,TA,TA,No,Rec,567,BLQ,28,413,1008,GasA,TA,Y,FuseA,1053,0,0,1053,0,1,1,1,3,1,Ex,6,Typ,0,,2Types,1998.0,RFn,2,750,TA,TA,Y,0,80,0,180,0,0,,MnWw,,0,7,2006,WD,Abnorml,150000
778,20,RL,100.0,13350,Pave,,IR1,Lvl,AllPub,Inside,Gtl,Sawyer,Norm,Norm,1Fam,1Story,5,5,1974,1974,Hip,CompShg,HdBoard,Plywood,,0.0,TA,TA,CBlock,TA,TA,No,ALQ,762,Unf,0,102,864,GasA,TA,Y,SBrkr,894,0,0,894,1,0,1,0,3,1,TA,5,Typ,1,Fa,Attchd,1974.0,Unf,2,440,TA,TA,Y,241,0,0,0,0,0,,MnPrv,,0,6,2006,WD,Normal,142500
334,120,RM,59.0,8198,Pave,,Reg,Lvl,AllPub,FR3,Gtl,NridgHt,Norm,Norm,TwnhsE,1Story,7,5,2004,2004,Gable,CompShg,VinylSd,VinylSd,Stone,146.0,Gd,TA,PConc,Gd,TA,Av,GLQ,720,Unf,0,638,1358,GasA,Ex,Y,SBrkr,1358,0,0,1358,1,0,2,0,2,1,Gd,6,Typ,1,Gd,Attchd,2004.0,RFn,2,484,TA,TA,Y,192,30,0,0,0,0,,,,0,7,2008,WD,Normal,207000
663,20,RL,120.0,13560,Pave,,Reg,Lvl,AllPub,Corner,Gtl,mes,Norm,Norm,1Fam,1Story,6,3,1968,1968,Hip,CompShg,Wd Sdng,Wd Sdng,BrkFace,216.0,TA,TA,CBlock,Fa,Fa,No,Unf,0,Unf,0,1392,1392,GasA,Gd,Y,SBrkr,1392,0,0,1392,1,0,1,0,2,1,TA,5,Maj2,2,TA,Attchd,1968.0,RFn,2,576,TA,TA,Y,0,0,240,0,0,0,,,,0,7,2009,WD,Normal,110000
1348,20,RL,93.0,15306,Pave,,IR1,HLS,AllPub,Corner,Gtl,Timber,Norm,Norm,1Fam,1Story,8,5,2006,2007,Gable,CompShg,VinylSd,VinylSd,Stone,100.0,Gd,TA,PConc,Ex,TA,Gd,GLQ,80,Unf,0,1652,1732,GasA,Ex,Y,SBrkr,1776,0,0,1776,1,0,2,0,3,1,Gd,7,Typ,1,Gd,Attchd,2006.0,Fin,3,712,TA,TA,Y,0,0,0,0,0,0,,,,0,5,2007,New,Partial,283463
1056,20,RL,104.0,11361,Pave,,Reg,Lvl,AllPub,Inside,Gtl,NWAmes,Norm,Norm,1Fam,1Story,6,5,1976,1976,Gable,CompShg,Plywood,Plywood,BrkFace,160.0,TA,TA,CBlock,Gd,TA,No,ALQ,644,Unf,0,549,1193,GasA,TA,Y,SBrkr,1523,0,0,1523,0,1,2,0,3,1,TA,7,Typ,1,TA,Attchd,1976.0,Fin,2,478,TA,TA,Y,0,0,0,0,189,0,,MnPrv,,0,5,2008,COD,Abnorml,180000
1100,20,RL,82.0,11880,Pave,,IR1,Lvl,AllPub,Inside,Gtl,NWAmes,RRAn,Norm,1Fam,1Story,7,5,1978,1978,Gable,CompShg,Plywood,Plywood,BrkFace,206.0,TA,TA,CBlock,Gd,TA,No,ALQ,704,Unf,0,567,1271,GasA,TA,Y,SBrkr,1601,0,0,1601,0,0,2,0,3,1,TA,7,Typ,1,TA,Attchd,1978.0,RFn,2,478,TA,TA,Y,0,0,0,0,0,0,,,,0,4,2009,COD,Abnorml,157000
699,20,RL,65.0,8450,Pave,,Reg,Lvl,AllPub,Inside,Gtl,Sawyer,RRAe,Norm,1Fam,1Story,5,8,1965,2009,Gable,CompShg,MetalSd,MetalSd,,0.0,TA,Gd,CBlock,TA,TA,No,GLQ,553,BLQ,117,224,894,GasA,Ex,Y,SBrkr,894,0,0,894,1,0,1,0,3,1,TA,5,Typ,1,Gd,Detchd,1973.0,Unf,1,336,TA,TA,Y,416,144,0,0,0,0,,MnPrv,,0,4,2010,WD,Normal,138500
5,60,RL,84.0,14260,Pave,,IR1,Lvl,AllPub,FR2,Gtl,NoRidge,Norm,Norm,1Fam,2Story,8,5,2000,2000,Gable,CompShg,VinylSd,VinylSd,BrkFace,350.0,Gd,TA,PConc,Gd,TA,Av,GLQ,655,Unf,0,490,1145,GasA,Ex,Y,SBrkr,1145,1053,0,2198,1,0,2,1,4,1,Gd,9,Typ,1,TA,Attchd,2000.0,RFn,3,836,TA,TA,Y,192,84,0,0,0,0,,,,0,12,2008,WD,Normal,250000
879,85,RL,88.0,11782,Pave,,IR1,Lvl,AllPub,Inside,Gtl,Sawyer,Norm,Norm,1Fam,SFoyer,5,7,1961,1995,Gable,CompShg,HdBoard,HdBoard,,0.0,TA,TA,CBlock,TA,TA,Av,ALQ,899,Unf,0,210,1109,GasA,TA,Y,SBrkr,1155,0,0,1155,1,0,1,0,3,1,Gd,6,Min2,0,,Detchd,1987.0,Unf,2,576,TA,TA,Y,192,0,0,0,0,0,,MnPrv,Shed,400,6,2010,WD,Normal,148000
152,20,RL,107.0,13891,Pave,,Reg,Lvl,AllPub,Inside,Gtl,NridgHt,Norm,Norm,1Fam,1Story,8,5,2007,2008,Hip,CompShg,VinylSd,VinylSd,Stone,436.0,Gd,TA,PConc,Ex,TA,Gd,GLQ,1400,Unf,0,310,1710,GasA,Ex,Y,SBrkr,1710,0,0,1710,1,0,2,0,2,1,Gd,6,Typ,1,Gd,Attchd,2007.0,RFn,3,866,TA,TA,Y,0,102,0,0,0,0,,,,0,1,2008,New,Partial,372402
303,20,RL,118.0,13704,Pave,,IR1,Lvl,AllPub,Corner,Gtl,CollgCr,Norm,Norm,1Fam,1Story,7,5,2001,2002,Gable,CompShg,VinylSd,VinylSd,BrkFace,150.0,Gd,TA,PConc,Gd,TA,No,Unf,0,Unf,0,1541,1541,GasA,Ex,Y,SBrkr,1541,0,0,1541,0,0,2,0,3,1,Gd,6,Typ,1,TA,Attchd,2001.0,RFn,3,843,TA,TA,Y,468,81,0,0,0,0,,,,0,1,2006,WD,Normal,205000
35,120,RL,60.0,7313,Pave,,Reg,Lvl,AllPub,Inside,Gtl,NridgHt,Norm,Norm,TwnhsE,1Story,9,5,2005,2005,Hip,CompShg,MetalSd,MetalSd,BrkFace,246.0,Ex,TA,PConc,Ex,TA,No,GLQ,1153,Unf,0,408,1561,GasA,Ex,Y,SBrkr,1561,0,0,1561,1,0,2,0,2,1,Ex,6,Typ,1,Gd,Attchd,2005.0,Fin,2,556,TA,TA,Y,203,47,0,0,0,0,,,,0,8,2007,WD,Normal,277500
444,120,RL,53.0,3922,Pave,,Reg,Lvl,AllPub,Inside,Gtl,Blmngtn,Norm,Norm,TwnhsE,1Story,7,5,2006,2007,Gable,CompShg,WdShing,Wd Shng,BrkFace,72.0,Gd,TA,PConc,Ex,TA,Av,Unf,0,Unf,0,1258,1258,GasA,Ex,Y,SBrkr,1258,0,0,1258,0,0,2,0,2,1,Gd,6,Typ,1,Gd,Attchd,2007.0,Fin,3,648,TA,TA,Y,144,16,0,0,0,0,,,,0,6,2007,New,Partial,172500
298,60,FV,66.0,7399,Pave,Pave,IR1,Lvl,AllPub,Inside,Gtl,Somerst,Norm,Norm,1Fam,2Story,7,5,1997,1998,Hip,CompShg,VinylSd,VinylSd,BrkFace,1600.0,Gd,TA,PConc,Gd,TA,No,BLQ,649,Unf,0,326,975,GasA,Ex,Y,SBrkr,975,975,0,1950,0,0,2,1,3,1,Gd,7,Typ,1,TA,Detchd,1997.0,RFn,2,576,TA,TA,Y,0,10,0,0,198,0,,,,0,6,2007,WD,Normal,239000
703,60,RL,82.0,12438,Pave,,IR1,Lvl,AllPub,Inside,Gtl,StoneBr,Norm,Norm,1Fam,2Story,8,5,2006,2006,Hip,CompShg,VinylSd,VinylSd,BrkFace,466.0,Ex,TA,PConc,Ex,Gd,No,Unf,0,Unf,0,1234,1234,GasA,Ex,Y,SBrkr,1264,1312,0,2576,0,0,2,1,4,1,Ex,10,Typ,1,Gd,BuiltIn,2006.0,Fin,3,666,TA,TA,Y,324,100,0,0,0,0,,,,0,7,2006,New,Partial,361919
557,20,RL,69.0,14850,Pave,,IR1,Lvl,AllPub,Inside,Gtl,mes,Norm,Norm,1Fam,1Story,5,5,1957,1957,Gable,CompShg,Wd Sdng,Wd Sdng,,0.0,TA,TA,CBlock,TA,TA,No,Rec,895,Unf,0,197,1092,GasA,TA,Y,FuseA,1092,0,0,1092,1,0,1,0,2,1,TA,6,Typ,1,TA,Attchd,1957.0,Fin,1,299,TA,TA,Y,268,0,0,0,122,0,,MnWw,,0,5,2006,WD,Normal,141000
1094,20,RL,71.0,9230,Pave,,Reg,Lvl,AllPub,Corner,Gtl,mes,Feedr,Norm,1Fam,1Story,5,8,1965,1998,Hip,CompShg,MetalSd,MetalSd,BrkFace,166.0,TA,TA,CBlock,TA,TA,Mn,GLQ,661,Unf,0,203,864,GasA,Gd,Y,SBrkr,1200,0,0,1200,1,0,1,1,1,1,Gd,6,Typ,0,,Detchd,1977.0,Unf,2,884,TA,TA,Y,0,64,0,0,0,0,,MnPrv,,0,10,2006,WD,Normal,146000
158,60,RL,92.0,12003,Pave,,Reg,Lvl,AllPub,Corner,Gtl,Timber,Norm,Norm,1Fam,2Story,8,5,2009,2010,Gable,CompShg,VinylSd,VinylSd,BrkFace,84.0,Gd,TA,PConc,Ex,TA,No,Unf,0,Unf,0,774,774,GasA,Ex,Y,SBrkr,774,1194,0,1968,0,0,2,1,4,1,Ex,8,Typ,1,Gd,BuiltIn,2009.0,Fin,3,680,TA,TA,Y,0,75,0,0,0,0,,,,0,5,2010,New,Partial,269500
1314,60,RL,108.0,14774,Pave,,IR1,Lvl,AllPub,Corner,Gtl,NoRidge,Norm,Norm,1Fam,2Story,9,5,1999,1999,Gable,CompShg,VinylSd,VinylSd,BrkFace,165.0,Gd,TA,PConc,Gd,TA,No,Unf,0,Unf,0,1393,1393,GasA,Ex,Y,SBrkr,1422,1177,0,2599,0,0,2,1,4,1,Gd,10,Typ,1,TA,BuiltIn,1999.0,Fin,3,779,TA,TA,Y,668,30,0,0,0,0,,,,0,5,2010,WD,Normal,333168
205,50,RM,50.0,3500,Pave,Grvl,Reg,Lvl,AllPub,Inside,Gtl,OldTown,Norm,Norm,1Fam,1.5Fin,5,7,1947,1950,Gable,CompShg,AsbShng,AsbShng,,0.0,TA,TA,CBlock,TA,TA,No,LwQ,312,Unf,0,408,720,GasA,TA,Y,SBrkr,720,564,0,1284,0,0,1,1,2,1,TA,5,Typ,0,,Detchd,1948.0,Unf,1,240,TA,TA,Y,0,35,0,0,0,0,,MnWw,,0,4,2009,WD,Normal,110000
814,20,RL,75.0,9750,Pave,,Reg,Lvl,AllPub,Inside,Gtl,mes,Norm,Norm,1Fam,1Story,6,6,1958,1958,Gable,CompShg,MetalSd,MetalSd,BrkFace,243.0,TA,TA,CBlock,TA,TA,No,Rec,608,Unf,0,834,1442,GasA,Gd,Y,SBrkr,1442,0,0,1442,0,0,1,1,4,1,TA,7,Typ,0,,Attchd,1958.0,RFn,1,301,TA,TA,Y,0,0,275,0,0,0,,,Shed,500,4,2007,COD,Normal,157900
600,160,RM,24.0,1950,Pave,,Reg,Lvl,AllPub,Inside,Gtl,Blueste,Norm,Norm,Twnhs,2Story,6,6,1980,1980,Gable,CompShg,MetalSd,MetalSd,,0.0,TA,Gd,CBlock,Gd,TA,No,LwQ,81,GLQ,612,23,716,GasA,TA,Y,SBrkr,716,840,0,1556,1,0,2,1,3,1,TA,6,Typ,1,TA,Attchd,1980.0,Fin,2,452,TA,TA,Y,161,0,0,0,0,0,,GdPrv,,0,7,2008,COD,Normal,151000
1436,20,RL,80.0,8400,Pave,,Reg,Lvl,AllPub,Inside,Gtl,mes,Norm,Norm,1Fam,1Story,6,9,1962,2005,Gable,CompShg,Wd Sdng,Wd Sdng,BrkFace,237.0,Gd,Gd,CBlock,TA,TA,No,Unf,0,Unf,0,1319,1319,GasA,TA,Y,SBrkr,1537,0,0,1537,1,0,1,1,3,1,Gd,7,Typ,1,Gd,Attchd,1962.0,RFn,2,462,TA,TA,Y,0,36,0,0,0,0,,GdPrv,,0,7,2008,COD,Abnorml,174000
891,50,RL,60.0,8064,Pave,,Reg,Lvl,AllPub,Corner,Gtl,mes,Artery,Norm,1Fam,1.5Fin,5,7,1949,2006,Gable,CompShg,MetalSd,MetalSd,,0.0,TA,Gd,CBlock,TA,TA,Mn,Unf,0,Unf,0,672,672,GasA,Ex,Y,SBrkr,672,252,0,924,0,0,1,0,3,1,TA,6,Typ,1,Po,Detchd,2003.0,Unf,2,576,TA,TA,Y,0,0,0,0,0,0,,MnPrv,Shed,2000,7,2007,WD,Normal,122900
982,60,RL,98.0,12203,Pave,,IR1,Lvl,AllPub,Corner,Gtl,NoRidge,Norm,Norm,1Fam,2Story,8,5,1998,1999,Hip,CompShg,VinylSd,VinylSd,BrkFace,975.0,Gd,TA,PConc,Gd,TA,No,GLQ,854,Unf,0,371,1225,GasA,Ex,Y,SBrkr,1276,1336,0,2612,1,0,2,1,4,1,Gd,8,Typ,1,TA,Attchd,1998.0,Fin,3,676,TA,TA,Y,250,0,0,0,0,0,,,,0,7,2009,WD,Normal,336000
553,20,RL,87.0,11146,Pave,,IR1,Lvl,AllPub,Inside,Gtl,NridgHt,Norm,Norm,1Fam,1Story,8,5,2006,2006,Gable,CompShg,VinylSd,VinylSd,Stone,250.0,Gd,TA,PConc,Ex,TA,Av,Unf,0,Unf,0,1709,1709,GasA,Ex,Y,SBrkr,1717,0,0,1717,0,0,2,0,3,1,Gd,7,Typ,1,Gd,Attchd,2006.0,RFn,3,908,TA,TA,Y,169,39,0,0,0,0,,,,0,7,2009,WD,Normal,255500
319,60,RL,90.0,9900,Pave,,Reg,Low,AllPub,Inside,Mod,NoRidge,Norm,Norm,1Fam,2Story,7,5,1993,1993,Gable,CompShg,HdBoard,HdBoard,BrkFace,256.0,Gd,TA,PConc,Gd,TA,Gd,GLQ,987,Unf,0,360,1347,GasA,Ex,Y,SBrkr,1372,1274,0,2646,1,0,2,1,4,1,Gd,9,Typ,1,TA,Attchd,1993.0,RFn,3,656,TA,TA,Y,340,60,144,0,0,0,,,,0,4,2009,WD,Normal,260000
899,20,RL,100.0,12919,Pave,,IR1,Lvl,AllPub,Inside,Gtl,NridgHt,Norm,Norm,1Fam,1Story,9,5,2009,2010,Hip,CompShg,VinylSd,VinylSd,Stone,760.0,Ex,TA,PConc,Ex,TA,Gd,GLQ,2188,Unf,0,142,2330,GasA,Ex,Y,SBrkr,2364,0,0,2364,1,0,2,1,2,1,Ex,11,Typ,2,Gd,Attchd,2009.0,Fin,3,820,TA,TA,Y,0,67,0,0,0,0,,,,0,3,2010,New,Partial,611657
262,60,RL,69.0,9588,Pave,,IR1,Lvl,AllPub,Inside,Gtl,CollgCr,Norm,Norm,1Fam,2Story,8,5,2007,2007,Gable,CompShg,CemntBd,CmentBd,Stone,270.0,Gd,TA,PConc,Ex,TA,No,Unf,0,Unf,0,1482,1482,GasA,Ex,Y,SBrkr,1482,1092,0,2574,0,0,2,1,3,1,Ex,10,Typ,1,Gd,BuiltIn,2007.0,Fin,3,868,TA,TA,Y,0,148,0,0,0,0,,,,0,11,2007,New,Partial,276000
890,20,RL,128.0,12160,Pave,,Reg,Lvl,AllPub,Inside,Gtl,mes,Feedr,Norm,1Fam,1Story,6,4,1953,1953,Hip,CompShg,Wd Sdng,Wd Sdng,BrkFace,90.0,TA,TA,CBlock,TA,TA,No,BLQ,1024,Unf,0,481,1505,GasA,Ex,Y,SBrkr,1505,0,0,1505,1,0,1,0,2,1,TA,6,Typ,1,TA,Attchd,1953.0,RFn,2,505,TA,TA,Y,0,0,0,162,0,0,,,,0,2,2009,WD,Normal,149500
1155,60,RL,,13700,Pave,,IR1,Lvl,AllPub,Inside,Gtl,mes,Norm,Norm,1Fam,2Story,7,6,1965,1988,Gable,CompShg,VinylSd,VinylSd,Stone,288.0,TA,TA,CBlock,TA,TA,Gd,ALQ,454,Unf,0,410,864,GasA,TA,Y,SBrkr,902,918,0,1820,0,0,1,2,4,1,Gd,8,Typ,2,Gd,Attchd,1965.0,Unf,2,492,TA,TA,Y,60,84,0,0,273,0,,GdPrv,,0,5,2008,WD,Normal,201800
767,60,RL,80.0,10421,Pave,,Reg,Lvl,AllPub,Inside,Gtl,NWAmes,Norm,Norm,1Fam,2Story,7,5,1988,1988,Gable,CompShg,HdBoard,HdBoard,BrkFace,42.0,TA,TA,CBlock,Gd,TA,No,GLQ,394,Unf,0,586,980,GasA,TA,Y,SBrkr,980,734,0,1714,0,0,2,1,3,1,TA,7,Typ,1,TA,Attchd,1988.0,Unf,2,496,TA,TA,Y,228,66,156,0,0,0,,MnPrv,Shed,500,3,2010,WD,Normal,196500
262,60,RL,69.0,9588,Pave,,IR1,Lvl,AllPub,Inside,Gtl,CollgCr,Norm,Norm,1Fam,2Story,8,5,2007,2007,Gable,CompShg,CemntBd,CmentBd,Stone,270.0,Gd,TA,PConc,Ex,TA,No,Unf,0,Unf,0,1482,1482,GasA,Ex,Y,SBrkr,1482,1092,0,2574,0,0,2,1,3,1,Ex,10,Typ,1,Gd,BuiltIn,2007.0,Fin,3,868,TA,TA,Y,0,148,0,0,0,0,,,,0,11,2007,New,Partial,276000
719,60,RL,96.0,10542,Pave,,Reg,Lvl,AllPub,Inside,Gtl,NoRidge,Norm,Norm,1Fam,2Story,7,5,1993,1994,Hip,CompShg,Wd Sdng,ImStucc,BrkFace,651.0,Gd,TA,PConc,Gd,TA,Gd,GLQ,1173,Unf,0,138,1311,GasA,Ex,Y,SBrkr,1325,1093,0,2418,1,0,2,1,3,1,Gd,9,Typ,1,TA,Attchd,1993.0,RFn,3,983,TA,TA,Y,250,154,216,0,0,0,,,,0,8,2008,WD,Normal,341000
152,20,RL,107.0,13891,Pave,,Reg,Lvl,AllPub,Inside,Gtl,NridgHt,Norm,Norm,1Fam,1Story,8,5,2007,2008,Hip,CompShg,VinylSd,VinylSd,Stone,436.0,Gd,TA,PConc,Ex,TA,Gd,GLQ,1400,Unf,0,310,1710,GasA,Ex,Y,SBrkr,1710,0,0,1710,1,0,2,0,2,1,Gd,6,Typ,1,Gd,Attchd,2007.0,RFn,3,866,TA,TA,Y,0,102,0,0,0,0,,,,0,1,2008,New,Partial,372402
820,120,RL,44.0,6371,Pave,,IR1,Lvl,AllPub,Inside,Gtl,NridgHt,Norm,Norm,TwnhsE,1Story,7,5,2009,2010,Gable,CompShg,VinylSd,VinylSd,Stone,128.0,Gd,TA,PConc,Gd,TA,Mn,GLQ,733,Unf,0,625,1358,GasA,Ex,Y,SBrkr,1358,0,0,1358,1,0,2,0,2,1,Gd,6,Typ,1,Gd,Attchd,2010.0,RFn,2,484,TA,TA,Y,192,35,0,0,0,0,,,,0,6,2010,New,Partial,224000
56,20,RL,100.0,10175,Pave,,IR1,Lvl,AllPub,Inside,Gtl,mes,Norm,Norm,1Fam,1Story,6,5,1964,1964,Gable,CompShg,HdBoard,Plywood,BrkFace,272.0,TA,TA,CBlock,TA,TA,No,BLQ,490,Unf,0,935,1425,GasA,Gd,Y,SBrkr,1425,0,0,1425,0,0,2,0,3,1,TA,7,Typ,1,Gd,Attchd,1964.0,RFn,2,576,TA,TA,Y,0,0,0,407,0,0,,,,0,7,2008,WD,Normal,180500
1317,20,RL,61.0,10226,Pave,,IR1,Lvl,AllPub,Inside,Gtl,CollgCr,Norm,Norm,1Fam,1Story,8,5,2008,2008,Gable,CompShg,VinylSd,VinylSd,Stone,270.0,Gd,TA,PConc,Ex,TA,Gd,Unf,0,Unf,0,1622,1622,GasA,Ex,Y,SBrkr,1630,0,0,1630,1,0,2,0,3,1,Ex,8,Typ,1,Gd,Attchd,2008.0,RFn,3,860,TA,TA,Y,172,42,0,0,0,0,,,,0,1,2009,WD,Normal,295493
734,20,RL,80.0,10000,Pave,,Reg,Lvl,AllPub,Corner,Gtl,Sawyer,Feedr,Norm,1Fam,1Story,5,6,1961,1983,Hip,CompShg,HdBoard,HdBoard,,0.0,TA,TA,CBlock,TA,TA,No,BLQ,594,Unf,0,270,864,GasA,Ex,Y,SBrkr,1144,0,0,1144,1,0,1,0,3,1,TA,6,Typ,1,TA,Attchd,1961.0,RFn,1,264,TA,TA,Y,165,0,0,0,0,0,,GdWo,Shed,400,3,2009,WD,Normal,131400
1176,50,RL,85.0,10678,Pave,,Reg,Lvl,AllPub,Inside,Gtl,NoRidge,Norm,Norm,1Fam,1.5Fin,8,5,1992,2000,Hip,CompShg,HdBoard,HdBoard,BrkFace,337.0,Gd,TA,PConc,Gd,TA,No,GLQ,700,Unf,0,983,1683,GasA,Ex,Y,SBrkr,2129,743,0,2872,0,0,2,1,4,1,Gd,9,Typ,1,TA,Attchd,1992.0,Fin,2,541,TA,TA,Y,0,33,0,0,0,0,,,,0,4,2007,WD,Normal,285000
1421,60,RL,90.0,11700,Pave,,Reg,Lvl,AllPub,Corner,Gtl,NWAmes,Norm,Norm,1Fam,2Story,6,6,1968,1968,Gable,CompShg,HdBoard,HdBoard,BrkFace,420.0,TA,TA,CBlock,TA,TA,No,ALQ,404,Unf,0,304,708,GasA,Gd,Y,SBrkr,708,708,0,1416,0,0,2,1,3,1,TA,7,Typ,1,TA,Attchd,1968.0,RFn,2,776,TA,TA,Y,0,169,0,0,119,0,,,,0,5,2006,WD,Normal,179900
96,60,RL,,9765,Pave,,IR2,Lvl,AllPub,Corner,Gtl,Gilbert,Norm,Norm,1Fam,2Story,6,8,1993,1993,Gable,CompShg,VinylSd,VinylSd,BrkFace,68.0,Ex,Gd,PConc,Gd,Gd,No,ALQ,310,Unf,0,370,680,GasA,Gd,Y,SBrkr,680,790,0,1470,0,0,2,1,3,1,TA,6,Typ,1,TA,BuiltIn,1993.0,Fin,2,420,TA,TA,Y,232,63,0,0,0,0,,,Shed,480,4,2009,WD,Normal,185000
1354,50,RL,56.0,14720,Pave,,IR1,Lvl,AllPub,CulDSac,Gtl,NoRidge,Norm,Norm,1Fam,1.5Fin,8,5,1995,1996,Hip,CompShg,VinylSd,VinylSd,BrkFace,579.0,Gd,TA,PConc,Gd,TA,Av,GLQ,816,Unf,0,1217,2033,GasA,Ex,Y,SBrkr,2053,1185,0,3238,1,0,2,1,4,1,Gd,9,Typ,1,Ex,Attchd,1996.0,Fin,3,666,TA,TA,Y,283,86,0,0,0,0,,,,0,3,2010,WD,Normal,410000
381,50,RL,50.0,5000,Pave,Pave,Reg,Lvl,AllPub,Inside,Gtl,SWISU,Norm,Norm,1Fam,1.5Fin,5,6,1924,1950,Gable,CompShg,BrkFace,Wd Sdng,,0.0,TA,TA,BrkTil,TA,TA,No,LwQ,218,Unf,0,808,1026,GasA,TA,Y,SBrkr,1026,665,0,1691,0,0,2,0,3,1,Gd,6,Typ,1,Gd,Detchd,1924.0,Unf,1,308,TA,TA,Y,0,0,242,0,0,0,,,,0,5,2010,WD,Normal,127000
1057,120,RL,43.0,7052,Pave,,IR1,Lvl,AllPub,Inside,Gtl,NridgHt,Norm,Norm,TwnhsE,1Story,7,5,2005,2005,Gable,CompShg,VinylSd,VinylSd,Stone,240.0,Gd,TA,PConc,Gd,TA,Av,GLQ,659,Unf,0,705,1364,GasA,Ex,Y,SBrkr,1364,0,0,1364,1,0,2,0,2,1,Gd,6,Typ,1,Gd,Attchd,2005.0,RFn,2,484,TA,TA,Y,192,36,0,0,0,0,,,,0,6,2006,WD,Normal,185850
837,30,RM,90.0,8100,Pave,Pave,Reg,Lvl,AllPub,Inside,Gtl,OldTown,Norm,Norm,1Fam,1Story,5,6,1948,1973,Gable,CompShg,VinylSd,VinylSd,,0.0,TA,TA,BrkTil,TA,TA,No,Rec,338,Unf,0,1221,1559,GasA,Gd,Y,SBrkr,1559,0,0,1559,1,0,1,0,2,1,TA,5,Min2,0,,Detchd,1948.0,Unf,2,812,TA,TA,Y,0,116,230,0,0,0,,GdWo,,0,6,2007,COD,Normal,153500
993,60,RL,80.0,9760,Pave,,Reg,Lvl,AllPub,Inside,Mod,mes,Norm,Norm,1Fam,2Story,6,8,1964,1993,Hip,CompShg,Wd Sdng,Wd Sdng,BrkFace,340.0,TA,TA,CBlock,TA,TA,Gd,BLQ,536,Rec,117,169,822,GasA,Gd,Y,SBrkr,1020,831,0,1851,0,0,2,1,3,1,Gd,7,Typ,1,Fa,Attchd,1964.0,RFn,2,440,TA,TA,Y,239,42,0,0,0,0,,MnWw,,0,7,2007,WD,Normal,187000
386,120,RL,43.0,3182,Pave,,Reg,Lvl,AllPub,Inside,Gtl,Blmngtn,Norm,Norm,TwnhsE,1Story,8,5,2004,2005,Gable,CompShg,VinylSd,VinylSd,BrkFace,16.0,Gd,TA,PConc,Gd,TA,No,GLQ,24,Unf,0,1232,1256,GasA,Ex,Y,SBrkr,1269,0,0,1269,0,0,2,0,2,1,Gd,6,Typ,1,TA,Attchd,2004.0,Fin,2,430,TA,TA,Y,146,20,0,0,144,0,,,,0,4,2010,WD,Normal,192000
732,80,RL,73.0,9590,Pave,,IR1,Lvl,AllPub,Corner,Gtl,Timber,Norm,Norm,1Fam,SLvl,7,5,2003,2003,Gable,CompShg,VinylSd,VinylSd,BrkFace,442.0,Gd,TA,PConc,Ex,TA,Av,GLQ,786,Unf,0,82,868,GasA,Ex,Y,SBrkr,1146,0,0,1146,1,0,2,0,3,1,Gd,6,Typ,1,Gd,Attchd,2003.0,Fin,2,438,TA,TA,Y,160,22,0,0,0,0,,,,0,5,2007,WD,Normal,187500
567,60,RL,77.0,11198,Pave,,IR1,Lvl,AllPub,Inside,Gtl,StoneBr,Norm,Norm,1Fam,2Story,9,5,2005,2007,Hip,CompShg,VinylSd,VinylSd,BrkFace,245.0,Gd,TA,PConc,Gd,Gd,No,Unf,0,Unf,0,1122,1122,GasA,Ex,Y,SBrkr,1134,1370,0,2504,0,0,2,1,4,1,Ex,11,Typ,1,Gd,BuiltIn,2005.0,Fin,3,656,TA,TA,Y,144,39,0,0,0,0,,,,0,6,2008,WD,Normal,325000
1427,60,RL,81.0,10944,Pave,,IR1,Lvl,AllPub,Inside,Gtl,NoRidge,Norm,Norm,1Fam,2Story,7,5,1994,1994,Gable,CompShg,VinylSd,VinylSd,BrkFace,448.0,Gd,TA,PConc,Gd,TA,No,GLQ,1000,Unf,0,223,1223,GasA,Ex,Y,SBrkr,1223,904,0,2127,1,0,2,1,3,1,Gd,5,Typ,2,TA,Attchd,1994.0,RFn,2,525,TA,TA,Y,171,132,0,0,0,0,,,,0,8,2008,WD,Normal,271000
555,60,RL,85.0,10625,Pave,,Reg,Lvl,AllPub,Inside,Gtl,NridgHt,Norm,Norm,1Fam,2Story,7,5,2003,2004,Gable,CompShg,VinylSd,VinylSd,BrkFace,292.0,Gd,TA,PConc,Gd,TA,No,GLQ,866,Unf,0,132,998,GasA,Ex,Y,SBrkr,1006,1040,0,2046,1,0,2,1,3,1,Gd,8,Typ,1,Gd,BuiltIn,2003.0,RFn,3,871,TA,TA,Y,320,62,0,0,0,0,,,,0,8,2008,WD,Normal,284000
847,60,RL,75.0,9317,Pave,,Reg,Lvl,AllPub,Inside,Gtl,SawyerW,Norm,Norm,1Fam,2Story,7,5,1993,1993,Gable,CompShg,HdBoard,HdBoard,BrkFace,137.0,Gd,TA,PConc,Gd,TA,No,ALQ,513,Unf,0,227,740,GasA,Ex,Y,SBrkr,1006,769,0,1775,1,0,2,1,3,1,Gd,7,Typ,1,TA,Attchd,1993.0,Unf,2,425,TA,TA,Y,234,72,192,0,0,0,,,,0,7,2009,WD,Normal,213000
379,20,RL,88.0,11394,Pave,,Reg,Lvl,AllPub,Corner,Gtl,StoneBr,Norm,Norm,1Fam,1Story,9,2,2010,2010,Hip,CompShg,VinylSd,VinylSd,Stone,350.0,Gd,TA,PConc,Ex,TA,Av,GLQ,1445,Unf,0,411,1856,GasA,Ex,Y,SBrkr,1856,0,0,1856,1,0,1,1,1,1,Ex,8,Typ,1,Ex,Attchd,2010.0,Fin,3,834,TA,TA,Y,113,0,0,0,0,0,,,,0,6,2010,New,Partial,394432
1336,20,RL,80.0,9650,Pave,,Reg,Lvl,AllPub,Inside,Gtl,NWAmes,Norm,Norm,1Fam,1Story,6,5,1977,1977,Gable,CompShg,Plywood,Plywood,BrkFace,360.0,TA,TA,CBlock,Gd,TA,No,ALQ,686,Unf,0,664,1350,GasA,TA,Y,SBrkr,1334,0,0,1334,0,1,2,0,2,1,TA,6,Typ,1,TA,Attchd,1977.0,RFn,2,630,TA,TA,Y,0,16,0,0,0,0,,,,0,4,2009,WD,Normal,167900
596,20,RL,69.0,11302,Pave,,IR1,Lvl,AllPub,Inside,Gtl,StoneBr,Norm,Norm,1Fam,1Story,8,5,2005,2006,Gable,CompShg,VinylSd,Other,BrkFace,238.0,Gd,TA,PConc,Gd,TA,Gd,GLQ,1422,Unf,0,392,1814,GasA,Ex,Y,SBrkr,1826,0,0,1826,1,0,2,0,3,1,Gd,7,Typ,1,TA,Attchd,2005.0,Fin,3,758,TA,TA,Y,180,75,0,0,120,0,,,,0,8,2006,New,Partial,319000
620,60,RL,85.0,12244,Pave,,Reg,Lvl,AllPub,Inside,Gtl,Timber,Norm,Norm,1Fam,2Story,8,5,2003,2003,Hip,CompShg,VinylSd,VinylSd,Stone,226.0,Gd,TA,PConc,Gd,TA,Gd,GLQ,871,Unf,0,611,1482,GasA,Ex,Y,SBrkr,1482,780,0,2262,1,0,2,1,4,1,Gd,10,Typ,2,Gd,Attchd,2003.0,Fin,3,749,TA,TA,Y,168,0,0,0,0,0,,,,0,8,2008,WD,Normal,305000
1192,160,FV,24.0,2645,Pave,Pave,Reg,Lvl,AllPub,Inside,Gtl,Somerst,Norm,Norm,Twnhs,2Story,8,5,1999,2000,Gable,CompShg,MetalSd,MetalSd,BrkFace,456.0,Gd,TA,PConc,Gd,TA,No,Unf,0,Unf,0,776,776,GasA,Ex,Y,SBrkr,764,677,0,1441,0,0,2,1,2,1,Gd,5,Typ,0,,Detchd,1999.0,Unf,2,492,TA,TA,Y,206,0,0,0,0,0,,,,0,11,2007,WD,Normal,174000
843,80,RL,82.0,9020,Pave,,Reg,Lvl,AllPub,Inside,Gtl,mes,Norm,Norm,1Fam,SLvl,6,7,1966,1966,Gable,CompShg,HdBoard,HdBoard,BrkFace,183.0,TA,TA,CBlock,TA,TA,Gd,Rec,312,ALQ,539,276,1127,GasA,TA,Y,SBrkr,1165,0,0,1165,1,0,1,1,3,1,TA,6,Typ,0,,Attchd,1966.0,RFn,2,490,Gd,Gd,Y,0,129,0,0,0,0,,GdPrv,,0,5,2008,WD,Normal,174900
1193,50,RM,60.0,9600,Pave,Grvl,Reg,Lvl,AllPub,Inside,Gtl,OldTown,Norm,Norm,1Fam,1.5Fin,5,8,1925,1994,Gambrel,CompShg,VinylSd,VinylSd,,0.0,TA,TA,PConc,TA,TA,Mn,Unf,0,Unf,0,702,702,GasA,Gd,Y,SBrkr,842,630,0,1472,0,0,1,0,3,1,Gd,6,Typ,0,,Detchd,1925.0,Unf,1,250,TA,Fa,P,0,0,84,0,0,0,,GdWo,,0,7,2007,WD,Normal,125000
175,20,RL,47.0,12416,Pave,,IR1,Lvl,AllPub,Inside,Gtl,Timber,Norm,Norm,1Fam,1Story,6,5,1986,1986,Gable,CompShg,VinylSd,Plywood,Stone,132.0,TA,TA,CBlock,Gd,Fa,No,ALQ,1398,LwQ,208,0,1606,GasA,TA,Y,SBrkr,1651,0,0,1651,1,0,2,0,3,1,TA,7,Min2,1,TA,Attchd,1986.0,Fin,2,616,TA,TA,Y,192,0,0,0,0,0,,,,0,11,2008,WD,Normal,184000
896,60,RL,71.0,7056,Pave,,Reg,Lvl,AllPub,Inside,Gtl,mes,Norm,Norm,1Fam,2Story,6,5,1963,1963,Hip,CompShg,HdBoard,HdBoard,BrkFace,415.0,TA,TA,CBlock,TA,TA,No,BLQ,400,Unf,0,380,780,GasA,TA,Y,SBrkr,983,813,0,1796,1,0,1,1,4,1,TA,8,Typ,1,TA,Attchd,1963.0,RFn,2,483,TA,TA,Y,0,50,0,0,0,0,,,,0,10,2008,WD,Normal,140000
284,20,RL,74.0,9612,Pave,,Reg,Lvl,AllPub,Inside,Gtl,Somerst,Feedr,Norm,1Fam,1Story,8,5,2008,2009,Gable,CompShg,VinylSd,VinylSd,Stone,72.0,Gd,TA,PConc,Gd,TA,No,Unf,0,Unf,0,1468,1468,GasA,Ex,Y,SBrkr,1468,0,0,1468,0,0,2,0,3,1,Gd,6,Typ,1,Gd,Attchd,2008.0,Fin,3,898,TA,TA,Y,210,150,0,0,0,0,,,,0,12,2009,New,Partial,244600
1084,20,RL,80.0,8800,Pave,,Reg,Lvl,AllPub,Inside,Gtl,mes,Norm,Norm,1Fam,1Story,6,6,1964,1964,Hip,CompShg,HdBoard,HdBoard,BrkFace,425.0,TA,TA,CBlock,TA,TA,No,BLQ,553,Unf,0,698,1251,GasA,TA,Y,SBrkr,1251,0,0,1251,1,0,1,0,3,1,TA,6,Typ,2,Gd,Attchd,1964.0,RFn,1,461,TA,TA,Y,0,116,0,0,0,0,,MnPrv,Shed,700,3,2006,WD,Normal,160000
748,70,RM,65.0,11700,Pave,Pave,IR1,Lvl,AllPub,Corner,Gtl,OldTown,Norm,Norm,1Fam,2Story,7,7,1880,2003,Mansard,CompShg,Stucco,Stucco,,0.0,Gd,TA,Stone,TA,Fa,No,Unf,0,Unf,0,1240,1240,GasW,TA,N,SBrkr,1320,1320,0,2640,0,0,1,1,4,1,Gd,8,Typ,1,Gd,Detchd,1950.0,Unf,4,864,TA,TA,N,181,0,386,0,0,0,,,,0,5,2009,WD,Normal,265979
1253,20,RL,62.0,9858,Pave,,Reg,Lvl,AllPub,Inside,Gtl,Mitchel,Norm,Norm,1Fam,1Story,5,6,1968,1968,Gable,CompShg,HdBoard,HdBoard,,0.0,TA,TA,CBlock,TA,TA,No,BLQ,510,Unf,0,354,864,GasA,TA,Y,SBrkr,874,0,0,874,1,0,1,0,3,1,TA,5,Typ,0,,Attchd,1968.0,RFn,1,288,TA,TA,Y,33,0,0,0,0,0,,GdWo,Shed,600,11,2009,WD,Normal,130000
478,60,RL,105.0,13693,Pave,,Reg,Lvl,AllPub,Inside,Gtl,NridgHt,Norm,Norm,1Fam,2Story,9,5,2006,2006,Hip,CompShg,VinylSd,VinylSd,BrkFace,772.0,Ex,TA,PConc,Gd,TA,Av,Unf,0,Unf,0,2153,2153,GasA,Ex,Y,SBrkr,2069,574,0,2643,0,0,2,1,3,1,Ex,9,Typ,1,Gd,BuiltIn,2006.0,Fin,3,694,TA,TA,Y,414,84,0,0,0,0,,,,0,3,2007,WD,Normal,380000
982,60,RL,98.0,12203,Pave,,IR1,Lvl,AllPub,Corner,Gtl,NoRidge,Norm,Norm,1Fam,2Story,8,5,1998,1999,Hip,CompShg,VinylSd,VinylSd,BrkFace,975.0,Gd,TA,PConc,Gd,TA,No,GLQ,854,Unf,0,371,1225,GasA,Ex,Y,SBrkr,1276,1336,0,2612,1,0,2,1,4,1,Gd,8,Typ,1,TA,Attchd,1998.0,Fin,3,676,TA,TA,Y,250,0,0,0,0,0,,,,0,7,2009,WD,Normal,336000
982,60,RL,98.0,12203,Pave,,IR1,Lvl,AllPub,Corner,Gtl,NoRidge,Norm,Norm,1Fam,2Story,8,5,1998,1999,Hip,CompShg,VinylSd,VinylSd,BrkFace,975.0,Gd,TA,PConc,Gd,TA,No,GLQ,854,Unf,0,371,1225,GasA,Ex,Y,SBrkr,1276,1336,0,2612,1,0,2,1,4,1,Gd,8,Typ,1,TA,Attchd,1998.0,Fin,3,676,TA,TA,Y,250,0,0,0,0,0,,,,0,7,2009,WD,Normal,336000
652,70,RL,60.0,9084,Pave,,Reg,Lvl,AllPub,Inside,Gtl,Edwards,Artery,Norm,1Fam,2Story,4,5,1940,1950,Gable,CompShg,MetalSd,MetalSd,,0.0,TA,TA,CBlock,TA,TA,Mn,Unf,0,Unf,0,755,755,GasA,TA,Y,SBrkr,755,755,0,1510,1,0,1,0,4,1,TA,7,Typ,1,Gd,Detchd,1940.0,Unf,1,296,Fa,Po,P,120,0,0,0,0,0,,MnPrv,,0,10,2009,WD,Normal,108000
1436,20,RL,80.0,8400,Pave,,Reg,Lvl,AllPub,Inside,Gtl,mes,Norm,Norm,1Fam,1Story,6,9,1962,2005,Gable,CompShg,Wd Sdng,Wd Sdng,BrkFace,237.0,Gd,Gd,CBlock,TA,TA,No,Unf,0,Unf,0,1319,1319,GasA,TA,Y,SBrkr,1537,0,0,1537,1,0,1,1,3,1,Gd,7,Typ,1,Gd,Attchd,1962.0,RFn,2,462,TA,TA,Y,0,36,0,0,0,0,,GdPrv,,0,7,2008,COD,Abnorml,174000
1017,20,RL,73.0,11883,Pave,,Reg,Lvl,AllPub,Inside,Gtl,CollgCr,Norm,Norm,1Fam,1Story,7,5,1996,1996,Hip,CompShg,VinylSd,VinylSd,BrkFace,196.0,Gd,TA,PConc,Gd,TA,Gd,GLQ,690,Unf,0,814,1504,GasA,Ex,Y,SBrkr,1504,0,0,1504,1,0,2,0,3,1,Gd,6,Typ,1,TA,Attchd,1996.0,Fin,2,478,TA,TA,Y,115,66,0,0,0,0,,,,0,6,2009,WD,Normal,203000
516,20,RL,94.0,12220,Pave,,Reg,Lvl,AllPub,Inside,Gtl,NridgHt,Norm,Norm,1Fam,1Story,10,5,2009,2009,Hip,CompShg,CemntBd,CmentBd,BrkFace,305.0,Ex,TA,CBlock,Ex,TA,No,GLQ,1436,Unf,0,570,2006,GasA,Ex,Y,SBrkr,2020,0,0,2020,1,0,2,1,3,1,Ex,9,Typ,1,Gd,Attchd,2009.0,Fin,3,900,TA,TA,Y,156,54,0,0,0,0,,,,0,9,2009,New,Partial,402861
854,80,RL,,12095,Pave,,IR1,Lvl,AllPub,Corner,Gtl,mes,Norm,Norm,1Fam,SLvl,6,6,1964,1964,Gable,CompShg,MetalSd,HdBoard,BrkFace,115.0,TA,Gd,CBlock,TA,TA,Gd,Rec,564,Unf,0,563,1127,GasA,TA,Y,SBrkr,1445,0,0,1445,0,0,1,1,3,1,TA,7,Typ,1,Fa,Attchd,1964.0,RFn,2,645,TA,TA,Y,180,0,0,0,0,0,,MnPrv,,0,8,2009,WD,Normal,158000
658,70,RL,60.0,7200,Pave,,Reg,HLS,AllPub,Inside,Mod,Crawfor,Norm,Norm,1Fam,2Story,7,6,1931,2000,Gable,CompShg,Stucco,Wd Shng,,0.0,TA,Fa,BrkTil,Gd,TA,No,Unf,0,Unf,0,776,776,GasA,TA,Y,SBrkr,851,651,0,1502,0,0,1,1,3,1,TA,6,Typ,1,Gd,Attchd,1931.0,RFn,1,270,TA,TA,P,0,0,112,0,0,0,,MnPrv,,0,2,2008,WD,Normal,149000
799,60,RL,104.0,13518,Pave,,Reg,Lvl,AllPub,Inside,Gtl,NridgHt,Norm,Norm,1Fam,2Story,9,5,2008,2009,Hip,CompShg,VinylSd,VinylSd,Stone,860.0,Ex,TA,PConc,Ex,TA,No,Unf,0,Unf,0,1926,1926,GasA,Ex,Y,SBrkr,1966,1174,0,3140,0,0,3,1,4,1,Ex,11,Typ,2,Gd,BuiltIn,2009.0,Fin,3,820,TA,TA,Y,144,78,0,0,0,0,,,,0,7,2009,New,Partial,485000
298,60,FV,66.0,7399,Pave,Pave,IR1,Lvl,AllPub,Inside,Gtl,Somerst,Norm,Norm,1Fam,2Story,7,5,1997,1998,Hip,CompShg,VinylSd,VinylSd,BrkFace,1600.0,Gd,TA,PConc,Gd,TA,No,BLQ,649,Unf,0,326,975,GasA,Ex,Y,SBrkr,975,975,0,1950,0,0,2,1,3,1,Gd,7,Typ,1,TA,Detchd,1997.0,RFn,2,576,TA,TA,Y,0,10,0,0,198,0,,,,0,6,2007,WD,Normal,239000
649,60,RL,70.0,7700,Pave,,Reg,Lvl,AllPub,Inside,Gtl,mes,PosN,Norm,1Fam,2Story,6,5,1966,1966,Gable,CompShg,MetalSd,MetalSd,BrkFace,351.0,TA,TA,CBlock,TA,TA,No,Unf,0,Unf,0,756,756,GasA,TA,Y,SBrkr,1051,788,0,1839,0,0,1,1,4,1,TA,7,Typ,1,TA,Attchd,1966.0,Unf,2,442,TA,TA,Y,0,124,216,0,0,0,,,,0,6,2010,WD,Normal,155000
1090,120,FV,37.0,3316,Pave,Pave,IR1,Lvl,AllPub,Inside,Gtl,Somerst,Norm,Norm,TwnhsE,1Story,8,5,2005,2005,Gable,CompShg,MetalSd,MetalSd,,0.0,Gd,TA,PConc,Gd,TA,No,GLQ,1039,Unf,0,208,1247,GasA,Ex,Y,SBrkr,1247,0,0,1247,1,0,1,1,1,1,Gd,4,Typ,1,Gd,Attchd,2005.0,Fin,2,550,TA,TA,Y,0,84,0,0,0,0,,,,0,4,2006,WD,Normal,197000
993,60,RL,80.0,9760,Pave,,Reg,Lvl,AllPub,Inside,Mod,mes,Norm,Norm,1Fam,2Story,6,8,1964,1993,Hip,CompShg,Wd Sdng,Wd Sdng,BrkFace,340.0,TA,TA,CBlock,TA,TA,Gd,BLQ,536,Rec,117,169,822,GasA,Gd,Y,SBrkr,1020,831,0,1851,0,0,2,1,3,1,Gd,7,Typ,1,Fa,Attchd,1964.0,RFn,2,440,TA,TA,Y,239,42,0,0,0,0,,MnWw,,0,7,2007,WD,Normal,187000
1130,90,RM,60.0,7200,Pave,Grvl,Reg,Lvl,AllPub,Inside,Gtl,OldTown,Norm,Norm,Duplex,SFoyer,5,5,1980,1980,Gable,CompShg,MetalSd,MetalSd,BrkFace,180.0,TA,TA,CBlock,Gd,TA,Gd,GLQ,936,Unf,0,0,936,GasA,TA,Y,SBrkr,936,0,0,936,1,0,1,0,2,1,TA,4,Typ,0,,Detchd,1980.0,Unf,2,672,TA,TA,Y,49,0,0,0,0,0,,,,0,8,2007,WD,Normal,140000
481,20,RL,98.0,16033,Pave,,IR1,Lvl,AllPub,FR2,Gtl,NridgHt,Norm,Norm,1Fam,1Story,9,5,2004,2005,Hip,CompShg,VinylSd,VinylSd,BrkFace,378.0,Gd,TA,PConc,Ex,TA,Gd,GLQ,1261,Unf,0,572,1833,GasA,Ex,Y,SBrkr,1850,0,0,1850,1,0,2,0,3,1,Gd,8,Typ,1,Gd,Attchd,2004.0,Fin,3,772,TA,TA,Y,519,112,0,0,0,0,,,,0,3,2006,WD,Normal,326000
658,70,RL,60.0,7200,Pave,,Reg,HLS,AllPub,Inside,Mod,Crawfor,Norm,Norm,1Fam,2Story,7,6,1931,2000,Gable,CompShg,Stucco,Wd Shng,,0.0,TA,Fa,BrkTil,Gd,TA,No,Unf,0,Unf,0,776,776,GasA,TA,Y,SBrkr,851,651,0,1502,0,0,1,1,3,1,TA,6,Typ,1,Gd,Attchd,1931.0,RFn,1,270,TA,TA,P,0,0,112,0,0,0,,MnPrv,,0,2,2008,WD,Normal,149000
456,20,RL,80.0,9600,Pave,,Reg,Lvl,AllPub,Inside,Gtl,NWAmes,Norm,Norm,1Fam,1Story,7,6,1973,1973,Hip,CompShg,HdBoard,HdBoard,BrkFace,320.0,TA,TA,CBlock,TA,TA,No,ALQ,916,Unf,0,326,1242,GasA,Fa,Y,SBrkr,1242,0,0,1242,0,0,1,1,3,1,TA,6,Typ,1,TA,Attchd,1973.0,Unf,2,528,TA,TA,Y,0,0,0,0,0,0,,,,0,9,2007,WD,Normal,175500
1329,50,RM,60.0,10440,Pave,Grvl,Reg,Lvl,AllPub,Corner,Gtl,OldTown,Norm,Norm,1Fam,1.5Fin,6,7,1920,1950,Gable,CompShg,BrkFace,Wd Sdng,,0.0,Gd,Gd,BrkTil,Gd,TA,No,LwQ,493,Unf,0,1017,1510,GasW,Ex,Y,SBrkr,1584,1208,0,2792,0,0,2,0,5,1,TA,8,Mod,2,TA,Detchd,1920.0,Unf,2,520,Fa,TA,Y,0,547,0,0,480,0,,MnPrv,Shed,1150,6,2008,WD,Normal,256000
835,20,RL,75.0,7875,Pave,,Reg,Lvl,AllPub,Inside,Gtl,mes,Norm,Norm,1Fam,1Story,5,6,1961,1961,Gable,CompShg,VinylSd,VinylSd,BrkFace,136.0,TA,TA,CBlock,TA,TA,No,Rec,572,Unf,0,572,1144,GasA,Gd,Y,SBrkr,1144,0,0,1144,1,0,1,0,3,1,TA,6,Typ,0,,Attchd,1961.0,Unf,2,456,TA,TA,Y,0,0,0,0,0,0,,GdWo,,0,9,2008,WD,Normal,139950
1094,20,RL,71.0,9230,Pave,,Reg,Lvl,AllPub,Corner,Gtl,mes,Feedr,Norm,1Fam,1Story,5,8,1965,1998,Hip,CompShg,MetalSd,MetalSd,BrkFace,166.0,TA,TA,CBlock,TA,TA,Mn,GLQ,661,Unf,0,203,864,GasA,Gd,Y,SBrkr,1200,0,0,1200,1,0,1,1,1,1,Gd,6,Typ,0,,Detchd,1977.0,Unf,2,884,TA,TA,Y,0,64,0,0,0,0,,MnPrv,,0,10,2006,WD,Normal,146000
1307,120,RL,48.0,6955,Pave,,IR1,Lvl,AllPub,Inside,Gtl,NridgHt,Norm,Norm,TwnhsE,1Story,7,5,2005,2006,Gable,CompShg,VinylSd,VinylSd,Stone,94.0,Gd,TA,PConc,Gd,TA,No,Unf,0,Unf,0,1368,1368,GasA,Ex,Y,SBrkr,1368,0,0,1368,0,0,2,0,2,1,Gd,6,Typ,1,Gd,Attchd,2005.0,RFn,2,474,TA,TA,Y,132,35,0,0,0,0,,,,0,9,2006,New,Partial,202500
1325,20,RL,75.0,9986,Pave,,Reg,Lvl,AllPub,Inside,Gtl,Somerst,Norm,Norm,1Fam,1Story,8,5,2006,2007,Gable,CompShg,VinylSd,VinylSd,BrkFace,428.0,Gd,TA,PConc,Ex,TA,Av,Unf,0,Unf,0,1795,1795,GasA,Ex,Y,SBrkr,1795,0,0,1795,0,0,2,0,2,1,Gd,7,Typ,1,Gd,Attchd,2007.0,RFn,3,895,TA,TA,Y,0,49,0,0,0,0,,,,0,2,2007,New,Partial,147000
307,60,RL,116.0,13474,Pave,,Reg,Lvl,AllPub,Inside,Gtl,SawyerW,Feedr,Norm,1Fam,2Story,7,5,1990,1991,Gable,CompShg,HdBoard,Plywood,BrkFace,246.0,Gd,TA,CBlock,Gd,TA,No,ALQ,700,Unf,0,0,700,GasA,Gd,Y,SBrkr,1122,1121,0,2243,1,0,2,1,4,1,Gd,8,Typ,1,TA,Attchd,1990.0,RFn,3,746,TA,TA,Y,127,44,224,0,0,0,,,,0,6,2007,WD,Normal,225000
1352,60,RL,70.0,9247,Pave,,IR1,Lvl,AllPub,Inside,Gtl,mes,Norm,Norm,1Fam,2Story,6,6,1962,1962,Gable,CompShg,HdBoard,HdBoard,BrkFace,318.0,TA,TA,CBlock,TA,TA,No,Rec,319,Unf,0,539,858,GasA,Ex,Y,SBrkr,858,858,0,1716,0,0,1,1,4,1,TA,8,Typ,1,Gd,Attchd,1962.0,Fin,2,490,TA,TA,Y,0,84,0,0,120,0,,,,0,3,2008,WD,Normal,171000
179,20,RL,63.0,17423,Pave,,IR1,Lvl,AllPub,CulDSac,Gtl,StoneBr,Norm,Norm,1Fam,1Story,9,5,2008,2009,Hip,CompShg,VinylSd,VinylSd,Stone,748.0,Ex,TA,PConc,Ex,TA,No,GLQ,1904,Unf,0,312,2216,GasA,Ex,Y,SBrkr,2234,0,0,2234,1,0,2,0,1,1,Ex,9,Typ,1,Gd,Attchd,2009.0,Fin,3,1166,TA,TA,Y,0,60,0,0,0,0,,,,0,7,2009,New,Partial,501837
796,60,RL,70.0,8400,Pave,,Reg,Lvl,AllPub,Inside,Gtl,SawyerW,Norm,Norm,1Fam,2Story,6,6,1980,1981,Gable,CompShg,HdBoard,HdBoard,BrkFace,130.0,TA,TA,CBlock,Gd,TA,No,Unf,0,Unf,0,650,650,GasA,TA,Y,SBrkr,888,676,0,1564,0,0,2,1,3,1,TA,7,Typ,1,TA,Attchd,1980.0,Unf,2,476,TA,TA,Y,0,50,0,0,204,0,,MnPrv,,0,4,2010,WD,Normal,171000
1059,60,RL,96.0,11308,Pave,,IR1,Lvl,AllPub,Inside,Gtl,NridgHt,Norm,Norm,1Fam,2Story,9,5,2008,2008,Gable,CompShg,VinylSd,VinylSd,Stone,154.0,Ex,TA,PConc,Ex,TA,Av,GLQ,936,Unf,0,168,1104,GasA,Ex,Y,SBrkr,1130,1054,0,2184,1,0,2,1,3,1,Ex,10,Typ,1,Gd,Attchd,2008.0,Fin,3,836,TA,TA,Y,0,102,0,0,0,0,,,,0,7,2009,WD,Normal,335000
386,120,RL,43.0,3182,Pave,,Reg,Lvl,AllPub,Inside,Gtl,Blmngtn,Norm,Norm,TwnhsE,1Story,8,5,2004,2005,Gable,CompShg,VinylSd,VinylSd,BrkFace,16.0,Gd,TA,PConc,Gd,TA,No,GLQ,24,Unf,0,1232,1256,GasA,Ex,Y,SBrkr,1269,0,0,1269,0,0,2,0,2,1,Gd,6,Typ,1,TA,Attchd,2004.0,Fin,2,430,TA,TA,Y,146,20,0,0,144,0,,,,0,4,2010,WD,Normal,192000
983,20,RL,43.0,3182,Pave,,Reg,Lvl,AllPub,Inside,Gtl,Blmngtn,Norm,Norm,1Fam,1Story,7,5,2007,2007,Gable,CompShg,VinylSd,VinylSd,BrkFace,16.0,Gd,TA,PConc,Gd,TA,Av,Unf,0,Unf,0,1266,1266,GasA,Ex,Y,SBrkr,1266,0,0,1266,0,0,2,0,2,1,Gd,6,Typ,1,Gd,Attchd,2007.0,Fin,2,388,TA,TA,Y,100,16,0,0,0,0,,,,0,3,2008,WD,Normal,159895
323,60,RL,86.0,10380,Pave,,IR1,Lvl,AllPub,Inside,Gtl,SawyerW,Norm,Norm,1Fam,2Story,7,5,1986,1987,Gable,CompShg,Plywood,Plywood,BrkFace,172.0,Gd,TA,CBlock,TA,TA,Gd,LwQ,28,ALQ,1474,0,1502,GasA,Ex,Y,SBrkr,1553,1177,0,2730,1,0,2,1,4,1,Gd,8,Typ,1,TA,Attchd,1987.0,Fin,2,576,TA,TA,Y,201,96,0,0,0,0,,MnPrv,,0,8,2007,WD,Normal,301000
380,60,RL,60.0,8123,Pave,,IR1,Lvl,AllPub,Inside,Gtl,Gilbert,RRAn,Norm,1Fam,2Story,6,5,2000,2000,Gable,CompShg,VinylSd,VinylSd,BrkFace,16.0,TA,TA,PConc,Gd,TA,No,Unf,0,Unf,0,982,982,GasA,Ex,Y,SBrkr,1007,793,0,1800,0,0,2,1,3,1,TA,7,Typ,1,TA,Attchd,2000.0,Fin,2,463,TA,TA,Y,100,63,0,0,0,0,,,,0,6,2009,WD,Normal,179000
819,80,RL,80.0,8816,Pave,,Reg,Lvl,AllPub,Inside,Gtl,ClearCr,Norm,Norm,1Fam,SLvl,6,7,1971,1971,Gable,CompShg,HdBoard,HdBoard,BrkFace,80.0,TA,TA,CBlock,TA,TA,Av,GLQ,504,Unf,0,506,1010,GasA,Gd,Y,SBrkr,1052,0,0,1052,1,0,1,0,3,1,TA,6,Typ,0,,Attchd,1971.0,Unf,2,440,TA,TA,Y,0,0,0,0,0,0,,MnPrv,,0,6,2010,WD,Normal,155000
541,20,RL,85.0,14601,Pave,,Reg,Lvl,AllPub,Inside,Gtl,Timber,Norm,Norm,1Fam,1Story,9,5,2006,2006,Hip,CompShg,VinylSd,VinylSd,BrkFace,584.0,Ex,TA,PConc,Ex,TA,Av,GLQ,1260,Unf,0,578,1838,GasA,Ex,Y,SBrkr,1838,0,0,1838,1,0,2,0,2,1,Ex,8,Typ,1,Gd,Attchd,2006.0,Fin,3,765,TA,TA,Y,270,68,0,0,0,0,,,,0,3,2009,WD,Normal,315000
616,85,RL,80.0,8800,Pave,,Reg,Lvl,AllPub,Inside,Gtl,mes,Feedr,Norm,1Fam,SFoyer,6,7,1963,1963,Gable,CompShg,MetalSd,MetalSd,BrkFace,156.0,TA,Gd,PConc,TA,TA,Gd,GLQ,763,Unf,0,173,936,GasA,Ex,Y,SBrkr,1054,0,0,1054,1,0,1,0,3,1,Gd,6,Typ,0,,Attchd,1963.0,RFn,2,480,TA,TA,Y,120,0,0,0,0,0,,MnPrv,,0,5,2010,WD,Abnorml,137500
804,60,RL,107.0,13891,Pave,,Reg,Lvl,AllPub,Inside,Gtl,NridgHt,Norm,Norm,1Fam,2Story,9,5,2008,2009,Hip,CompShg,VinylSd,VinylSd,Stone,424.0,Ex,TA,PConc,Ex,TA,Gd,Unf,0,Unf,0,1734,1734,GasA,Ex,Y,SBrkr,1734,1088,0,2822,0,0,3,1,4,1,Ex,12,Typ,1,Gd,BuiltIn,2009.0,RFn,3,1020,TA,TA,Y,52,170,0,0,192,0,,,,0,1,2009,New,Partial,582933
1064,30,RM,50.0,6000,Pave,,Reg,Lvl,AllPub,Inside,Gtl,OldTown,Artery,Norm,1Fam,1Story,6,6,1925,1980,Gable,CompShg,MetalSd,MetalSd,,0.0,TA,Gd,BrkTil,TA,TA,No,BLQ,397,Unf,0,706,1103,GasA,Gd,Y,SBrkr,1103,0,0,1103,0,0,1,0,2,1,Gd,5,Typ,1,Gd,Detchd,1976.0,Unf,2,440,TA,TA,Y,166,120,0,0,0,0,,MnPrv,,0,7,2006,WD,Normal,110500
52,50,RM,52.0,6240,Pave,,Reg,Lvl,AllPub,Inside,Gtl,BrkSide,Norm,Norm,1Fam,1.5Fin,6,6,1934,1950,Gable,CompShg,Wd Sdng,Wd Sdng,,0.0,TA,TA,PConc,TA,TA,No,Unf,0,Unf,0,816,816,GasA,TA,Y,SBrkr,816,0,360,1176,0,0,1,0,3,1,TA,6,Typ,1,Gd,Detchd,1985.0,Unf,2,528,TA,TA,Y,112,0,0,0,0,0,,MnPrv,Shed,400,9,2006,WD,Normal,114500
1458,70,RL,66.0,9042,Pave,,Reg,Lvl,AllPub,Inside,Gtl,Crawfor,Norm,Norm,1Fam,2Story,7,9,1941,2006,Gable,CompShg,CemntBd,CmentBd,,0.0,Ex,Gd,Stone,TA,Gd,No,GLQ,275,Unf,0,877,1152,GasA,Ex,Y,SBrkr,1188,1152,0,2340,0,0,2,0,4,1,Gd,9,Typ,2,Gd,Attchd,1941.0,RFn,1,252,TA,TA,Y,0,60,0,0,0,0,,GdPrv,Shed,2500,5,2010,WD,Normal,266500
317,60,RL,94.0,13005,Pave,,IR1,Lvl,AllPub,Corner,Gtl,NWAmes,Norm,Norm,1Fam,2Story,7,7,1980,1980,Gable,CompShg,CemntBd,CmentBd,BrkFace,278.0,Gd,TA,CBlock,Gd,TA,No,GLQ,692,Unf,0,153,845,GasA,TA,Y,SBrkr,1153,1200,0,2353,1,0,2,1,4,1,Ex,10,Typ,1,TA,Attchd,1983.0,RFn,2,484,TA,TA,Y,288,195,0,0,0,0,,GdPrv,,0,8,2009,WD,Normal,260000
575,80,RL,70.0,10500,Pave,,Reg,Lvl,AllPub,FR2,Gtl,mes,Norm,Norm,1Fam,SLvl,5,7,1971,2005,Gambrel,CompShg,MetalSd,AsphShn,BrkFace,82.0,TA,TA,CBlock,TA,TA,Av,ALQ,349,Unf,0,23,372,GasA,TA,Y,SBrkr,576,533,0,1109,0,1,1,0,3,1,TA,5,Typ,0,,BuiltIn,1971.0,Unf,1,288,TA,TA,Y,35,0,0,0,0,0,,GdWo,,0,12,2007,WD,Normal,139000
995,20,RL,96.0,12456,Pave,,Reg,Lvl,AllPub,FR2,Gtl,NridgHt,Norm,Norm,1Fam,1Story,10,5,2006,2007,Hip,CompShg,CemntBd,CmentBd,Stone,230.0,Ex,TA,PConc,Ex,TA,Gd,GLQ,1172,Unf,0,528,1700,GasA,Ex,Y,SBrkr,1718,0,0,1718,1,0,2,0,3,1,Ex,7,Typ,1,Gd,Attchd,2008.0,Fin,3,786,TA,TA,Y,216,48,0,0,0,0,,,,0,7,2009,WD,Normal,337500
1121,30,RM,59.0,8263,Pave,,Reg,Bnk,AllPub,Inside,Mod,IDOTRR,Norm,Norm,1Fam,1Story,6,5,1920,1950,Gable,CompShg,BrkFace,BrkFace,,0.0,TA,TA,BrkTil,TA,TA,No,Unf,0,Unf,0,1012,1012,GasA,TA,Y,FuseA,1012,0,0,1012,0,0,1,0,2,1,TA,6,Typ,1,Gd,Detchd,1920.0,Unf,1,308,TA,TA,Y,0,22,112,0,0,0,,MnPrv,,0,5,2007,WD,Normal,118400
1054,20,RL,68.0,8562,Pave,,Reg,Lvl,AllPub,Inside,Mod,Edwards,Norm,Norm,1Fam,1Story,5,6,1957,2002,Hip,CompShg,HdBoard,HdBoard,Stone,145.0,TA,TA,CBlock,TA,TA,Av,Rec,383,Unf,0,833,1216,GasA,Ex,Y,FuseA,1526,0,0,1526,0,0,1,0,4,1,TA,7,Min2,1,Gd,Basment,1957.0,Unf,1,364,TA,TA,Y,116,78,0,0,0,0,,,,0,5,2010,WD,Normal,144500
380,60,RL,60.0,8123,Pave,,IR1,Lvl,AllPub,Inside,Gtl,Gilbert,RRAn,Norm,1Fam,2Story,6,5,2000,2000,Gable,CompShg,VinylSd,VinylSd,BrkFace,16.0,TA,TA,PConc,Gd,TA,No,Unf,0,Unf,0,982,982,GasA,Ex,Y,SBrkr,1007,793,0,1800,0,0,2,1,3,1,TA,7,Typ,1,TA,Attchd,2000.0,Fin,2,463,TA,TA,Y,100,63,0,0,0,0,,,,0,6,2009,WD,Normal,179000
282,20,FV,60.0,7200,Pave,Pave,Reg,Lvl,AllPub,Inside,Gtl,Somerst,Norm,Norm,1Fam,1Story,6,5,2006,2006,Gable,CompShg,VinylSd,VinylSd,Stone,68.0,Gd,TA,PConc,Gd,TA,No,GLQ,905,Unf,0,357,1262,GasA,Gd,Y,SBrkr,1262,0,0,1262,0,0,2,0,2,1,Gd,5,Typ,0,,Attchd,2006.0,Fin,2,572,TA,TA,Y,0,120,0,0,0,0,,,,0,5,2006,New,Partial,185000
843,80,RL,82.0,9020,Pave,,Reg,Lvl,AllPub,Inside,Gtl,mes,Norm,Norm,1Fam,SLvl,6,7,1966,1966,Gable,CompShg,HdBoard,HdBoard,BrkFace,183.0,TA,TA,CBlock,TA,TA,Gd,Rec,312,ALQ,539,276,1127,GasA,TA,Y,SBrkr,1165,0,0,1165,1,0,1,1,3,1,TA,6,Typ,0,,Attchd,1966.0,RFn,2,490,Gd,Gd,Y,0,129,0,0,0,0,,GdPrv,,0,5,2008,WD,Normal,174900
906,20,RL,80.0,9920,Pave,,Reg,Lvl,AllPub,Inside,Gtl,mes,Norm,Norm,1Fam,1Story,5,5,1954,1954,Gable,CompShg,HdBoard,HdBoard,Stone,110.0,TA,TA,CBlock,TA,TA,No,Rec,354,LwQ,290,412,1056,GasA,TA,Y,SBrkr,1063,0,0,1063,1,0,1,0,3,1,TA,6,Typ,0,,Attchd,1954.0,RFn,1,280,TA,TA,Y,0,0,164,0,0,0,,MnPrv,,0,2,2010,WD,Normal,128000
409,60,RL,109.0,14154,Pave,,Reg,Lvl,AllPub,Corner,Gtl,NridgHt,Norm,Norm,1Fam,2Story,7,5,2006,2006,Gable,CompShg,VinylSd,VinylSd,BrkFace,350.0,Gd,TA,PConc,Ex,Gd,No,Unf,0,Unf,0,1063,1063,GasA,Ex,Y,SBrkr,1071,1101,0,2172,0,0,2,1,3,1,Gd,9,Typ,1,Gd,Attchd,2006.0,RFn,3,947,TA,TA,Y,192,62,0,0,0,0,,,,0,8,2007,New,Partial,280000
1045,20,RL,80.0,9600,Pave,,Reg,Lvl,AllPub,Inside,Gtl,NWAmes,PosN,Norm,1Fam,1Story,8,5,1981,1981,Hip,WdShngl,BrkFace,BrkFace,,0.0,Gd,TA,PConc,Gd,TA,No,ALQ,1104,Unf,0,1420,2524,GasA,TA,Y,SBrkr,2524,0,0,2524,1,0,2,1,4,1,Gd,9,Typ,1,Gd,Attchd,1981.0,Fin,2,542,TA,TA,Y,474,120,0,0,0,0,,MnPrv,,0,7,2009,WD,Normal,278000
1043,120,RL,34.0,5381,Pave,,IR1,Lvl,AllPub,Inside,Gtl,NridgHt,Norm,Norm,Twnhs,1Story,6,5,2005,2005,Gable,CompShg,VinylSd,VinylSd,Stone,135.0,Gd,TA,PConc,Gd,TA,Av,ALQ,900,Unf,0,406,1306,GasA,Ex,Y,SBrkr,1306,0,0,1306,1,0,2,0,1,1,Gd,5,Typ,1,Gd,Attchd,2005.0,RFn,2,624,TA,TA,Y,170,63,0,0,0,0,,,,0,8,2009,WD,Normal,196000
842,70,RM,60.0,10440,Pave,Grvl,Reg,Lvl,AllPub,Inside,Gtl,OldTown,Norm,Norm,1Fam,2Story,5,8,1904,2002,Gable,CompShg,MetalSd,MetalSd,,0.0,TA,TA,PConc,TA,TA,No,Unf,0,Unf,0,650,650,GasA,Gd,Y,SBrkr,958,581,0,1539,0,0,2,0,3,1,Gd,8,Typ,1,Po,Detchd,1983.0,Unf,2,686,Gd,TA,P,70,78,68,0,0,0,,,,0,6,2008,WD,Normal,157500
606,60,RL,85.0,13600,Pave,,Reg,Lvl,AllPub,Inside,Gtl,mes,Norm,Norm,1Fam,2Story,7,6,1965,1990,Gable,CompShg,HdBoard,HdBoard,BrkFace,176.0,TA,TA,CBlock,TA,TA,No,BLQ,454,Unf,0,314,768,GasA,TA,Y,SBrkr,1186,800,0,1986,0,0,2,1,3,1,TA,7,Typ,3,Fa,Attchd,1965.0,Unf,2,486,TA,TA,Y,0,42,0,0,189,0,,,,0,10,2009,WD,Normal,205000
867,20,RL,67.0,10656,Pave,,IR1,HLS,AllPub,Inside,Gtl,Timber,Norm,Norm,1Fam,1Story,8,5,2006,2007,Gable,CompShg,VinylSd,VinylSd,Stone,274.0,Gd,TA,PConc,Gd,TA,Av,Unf,0,Unf,0,1638,1638,GasA,Ex,Y,SBrkr,1646,0,0,1646,0,0,2,0,3,1,Gd,6,Typ,1,Gd,Attchd,2007.0,RFn,3,870,TA,TA,Y,192,80,0,0,0,0,,,,0,11,2007,New,Partial,248900
482,20,RL,72.0,11846,Pave,,IR1,HLS,AllPub,Inside,Gtl,NridgHt,Norm,Norm,1Fam,1Story,9,5,2003,2004,Hip,CompShg,VinylSd,VinylSd,BrkFace,562.0,Gd,TA,PConc,Ex,TA,Gd,GLQ,1567,Unf,0,225,1792,GasA,Ex,Y,SBrkr,1792,0,0,1792,1,0,2,0,2,1,Ex,6,Typ,1,Gd,Attchd,2003.0,Fin,3,874,TA,TA,Y,206,49,0,0,0,0,,,,0,8,2006,WD,Normal,374000
197,20,RL,79.0,9416,Pave,,Reg,Lvl,AllPub,Inside,Gtl,Somerst,Norm,Norm,1Fam,1Story,7,5,2007,2007,Hip,CompShg,CemntBd,CmentBd,Stone,205.0,Ex,TA,PConc,Ex,TA,No,GLQ,1126,Unf,0,600,1726,GasA,Ex,Y,SBrkr,1726,0,0,1726,1,0,2,0,3,1,Ex,8,Typ,1,Gd,Attchd,2007.0,Fin,3,786,TA,TA,Y,171,138,0,0,266,0,,,,0,9,2007,New,Partial,311872
358,120,RM,44.0,4224,Pave,,Reg,Lvl,AllPub,Inside,Gtl,MeadowV,Norm,Norm,TwnhsE,1Story,5,5,1976,1976,Gable,CompShg,CemntBd,CmentBd,,0.0,TA,TA,PConc,Gd,TA,No,ALQ,874,Unf,0,268,1142,GasA,TA,Y,SBrkr,1142,0,0,1142,1,0,1,1,3,1,TA,6,Typ,1,Po,Attchd,1976.0,Fin,2,528,TA,TA,Y,536,90,0,0,0,0,,MnPrv,,0,8,2007,WD,Normal,134000
1303,60,RL,92.0,10120,Pave,,Reg,Lvl,AllPub,Inside,Gtl,NoRidge,Norm,Norm,1Fam,2Story,8,5,1994,1994,Hip,CompShg,VinylSd,VinylSd,BrkFace,391.0,Gd,TA,PConc,Gd,TA,No,GLQ,740,Unf,0,425,1165,GasA,Ex,Y,SBrkr,1203,1323,0,2526,1,0,2,1,4,1,Gd,8,Typ,1,TA,Attchd,1994.0,RFn,3,844,TA,TA,Y,309,78,0,0,0,0,,,,0,12,2006,WD,Normal,290000
1393,85,RL,68.0,7838,Pave,,Reg,Lvl,AllPub,Inside,Gtl,mes,Norm,Norm,1Fam,SFoyer,5,5,1967,1967,Gable,CompShg,HdBoard,HdBoard,,0.0,TA,TA,CBlock,TA,TA,Av,ALQ,769,Unf,0,95,864,GasA,TA,Y,SBrkr,900,0,0,900,1,0,1,0,3,1,TA,6,Typ,1,Po,Attchd,1967.0,RFn,1,288,TA,TA,Y,175,144,0,0,0,0,,MnWw,,0,12,2006,WD,Normal,123000
879,85,RL,88.0,11782,Pave,,IR1,Lvl,AllPub,Inside,Gtl,Sawyer,Norm,Norm,1Fam,SFoyer,5,7,1961,1995,Gable,CompShg,HdBoard,HdBoard,,0.0,TA,TA,CBlock,TA,TA,Av,ALQ,899,Unf,0,210,1109,GasA,TA,Y,SBrkr,1155,0,0,1155,1,0,1,0,3,1,Gd,6,Min2,0,,Detchd,1987.0,Unf,2,576,TA,TA,Y,192,0,0,0,0,0,,MnPrv,Shed,400,6,2010,WD,Normal,148000
850,80,RL,80.0,9600,Pave,,Reg,Lvl,AllPub,FR2,Gtl,Veenker,Feedr,Norm,1Fam,SLvl,6,7,1976,1994,Hip,CompShg,Plywood,Plywood,BrkFace,360.0,Gd,Gd,CBlock,TA,TA,No,Unf,0,Unf,0,528,528,GasA,Ex,Y,SBrkr,1094,761,0,1855,0,0,2,1,3,1,TA,7,Typ,1,TA,Attchd,1976.0,RFn,2,512,TA,TA,Y,113,100,0,0,0,0,,,,0,8,2007,WD,Normal,187000
748,70,RM,65.0,11700,Pave,Pave,IR1,Lvl,AllPub,Corner,Gtl,OldTown,Norm,Norm,1Fam,2Story,7,7,1880,2003,Mansard,CompShg,Stucco,Stucco,,0.0,Gd,TA,Stone,TA,Fa,No,Unf,0,Unf,0,1240,1240,GasW,TA,N,SBrkr,1320,1320,0,2640,0,0,1,1,4,1,Gd,8,Typ,1,Gd,Detchd,1950.0,Unf,4,864,TA,TA,N,181,0,386,0,0,0,,,,0,5,2009,WD,Normal,265979
518,60,RL,79.0,10208,Pave,,IR1,Lvl,AllPub,Inside,Gtl,NoRidge,Norm,Norm,1Fam,2Story,7,5,1996,1997,Gable,CompShg,VinylSd,VinylSd,BrkFace,921.0,Gd,TA,PConc,Gd,TA,No,Unf,0,Unf,0,1264,1264,GasA,Ex,Y,SBrkr,1277,1067,0,2344,0,0,2,1,3,1,Gd,7,Typ,1,TA,Attchd,1996.0,RFn,3,889,TA,TA,Y,220,0,0,0,0,0,,,,0,7,2009,WD,Normal,265000
186,75,RM,90.0,22950,Pave,,IR2,Lvl,AllPub,Inside,Gtl,OldTown,Artery,Norm,1Fam,2.5Fin,10,9,1892,1993,Gable,WdShngl,Wd Sdng,Wd Sdng,,0.0,Gd,Gd,BrkTil,TA,TA,Mn,Unf,0,Unf,0,1107,1107,GasA,Ex,Y,SBrkr,1518,1518,572,3608,0,0,2,1,4,1,Ex,12,Typ,2,TA,Detchd,1993.0,Unf,3,840,Ex,TA,Y,0,260,0,0,410,0,,GdPrv,,0,6,2006,WD,Normal,475000
1416,120,RL,51.0,3635,Pave,,Reg,Lvl,AllPub,Inside,Gtl,Blmngtn,Norm,Norm,TwnhsE,1Story,7,5,2007,2007,Hip,CompShg,VinylSd,VinylSd,BrkFace,130.0,Gd,TA,PConc,Gd,TA,No,ALQ,988,Unf,0,398,1386,GasA,Ex,Y,SBrkr,1569,0,0,1569,0,1,2,0,1,1,Gd,7,Typ,1,TA,Attchd,2007.0,RFn,3,660,TA,TA,Y,143,20,0,0,0,0,,,,0,5,2009,WD,Normal,175900
1158,120,RL,34.0,5001,Pave,,IR1,Lvl,AllPub,Inside,Gtl,NridgHt,Norm,Norm,Twnhs,1Story,7,5,2007,2008,Gable,CompShg,VinylSd,VinylSd,Stone,166.0,Gd,TA,PConc,Gd,TA,No,GLQ,904,Unf,0,410,1314,GasA,Ex,Y,SBrkr,1314,0,0,1314,1,0,2,0,2,1,Gd,6,Typ,1,Gd,Attchd,2008.0,RFn,2,626,TA,TA,Y,172,62,0,0,0,0,,,,0,7,2009,WD,Normal,230000
1044,60,RL,86.0,11839,Pave,,Reg,Lvl,AllPub,Inside,Gtl,SawyerW,Norm,Norm,1Fam,2Story,7,5,1990,1990,Hip,CompShg,HdBoard,HdBoard,BrkFace,99.0,TA,TA,PConc,Gd,TA,No,GLQ,1085,Unf,0,390,1475,GasA,Ex,Y,SBrkr,1532,797,0,2329,1,0,2,1,4,1,Gd,10,Typ,1,Ex,Attchd,1990.0,Unf,2,514,TA,TA,Y,192,121,0,0,0,0,,,,0,5,2008,WD,Normal,262280
1110,20,RL,107.0,11362,Pave,,IR1,Lvl,AllPub,Inside,Gtl,NridgHt,Norm,Norm,1Fam,1Story,8,5,2004,2005,Gable,CompShg,MetalSd,MetalSd,Stone,42.0,Gd,TA,PConc,Ex,TA,Mn,GLQ,1039,Unf,0,797,1836,GasA,Ex,Y,SBrkr,1836,0,0,1836,1,0,2,0,3,1,Gd,7,Typ,1,Gd,Attchd,2004.0,Fin,3,862,TA,TA,Y,125,185,0,0,0,0,,,,0,3,2009,WD,Normal,280000
456,20,RL,80.0,9600,Pave,,Reg,Lvl,AllPub,Inside,Gtl,NWAmes,Norm,Norm,1Fam,1Story,7,6,1973,1973,Hip,CompShg,HdBoard,HdBoard,BrkFace,320.0,TA,TA,CBlock,TA,TA,No,ALQ,916,Unf,0,326,1242,GasA,Fa,Y,SBrkr,1242,0,0,1242,0,0,1,1,3,1,TA,6,Typ,1,TA,Attchd,1973.0,Unf,2,528,TA,TA,Y,0,0,0,0,0,0,,,,0,9,2007,WD,Normal,175500
1253,20,RL,62.0,9858,Pave,,Reg,Lvl,AllPub,Inside,Gtl,Mitchel,Norm,Norm,1Fam,1Story,5,6,1968,1968,Gable,CompShg,HdBoard,HdBoard,,0.0,TA,TA,CBlock,TA,TA,No,BLQ,510,Unf,0,354,864,GasA,TA,Y,SBrkr,874,0,0,874,1,0,1,0,3,1,TA,5,Typ,0,,Attchd,1968.0,RFn,1,288,TA,TA,Y,33,0,0,0,0,0,,GdWo,Shed,600,11,2009,WD,Normal,130000
1184,30,RL,60.0,10800,Pave,Grvl,Reg,Lvl,AllPub,Inside,Gtl,OldTown,Norm,Norm,1Fam,1Story,5,6,1920,1950,Hip,CompShg,Stucco,Stucco,,0.0,TA,TA,BrkTil,TA,TA,No,Rec,821,Unf,0,299,1120,GasA,Ex,Y,SBrkr,1130,0,0,1130,1,0,1,0,2,1,TA,5,Typ,1,Gd,Detchd,1970.0,Unf,2,720,TA,TA,Y,229,0,0,0,0,0,,,,0,6,2006,WD,Normal,120000
1106,60,RL,98.0,12256,Pave,,IR1,Lvl,AllPub,Corner,Gtl,NoRidge,Norm,Norm,1Fam,2Story,8,5,1994,1995,Gable,CompShg,HdBoard,HdBoard,BrkFace,362.0,Gd,TA,PConc,Ex,TA,Av,GLQ,1032,Unf,0,431,1463,GasA,Ex,Y,SBrkr,1500,1122,0,2622,1,0,2,1,3,1,Gd,9,Typ,2,TA,Attchd,1994.0,RFn,2,712,TA,TA,Y,186,32,0,0,0,0,,,,0,4,2010,WD,Normal,325000
842,70,RM,60.0,10440,Pave,Grvl,Reg,Lvl,AllPub,Inside,Gtl,OldTown,Norm,Norm,1Fam,2Story,5,8,1904,2002,Gable,CompShg,MetalSd,MetalSd,,0.0,TA,TA,PConc,TA,TA,No,Unf,0,Unf,0,650,650,GasA,Gd,Y,SBrkr,958,581,0,1539,0,0,2,0,3,1,Gd,8,Typ,1,Po,Detchd,1983.0,Unf,2,686,Gd,TA,P,70,78,68,0,0,0,,,,0,6,2008,WD,Normal,157500
820,120,RL,44.0,6371,Pave,,IR1,Lvl,AllPub,Inside,Gtl,NridgHt,Norm,Norm,TwnhsE,1Story,7,5,2009,2010,Gable,CompShg,VinylSd,VinylSd,Stone,128.0,Gd,TA,PConc,Gd,TA,Mn,GLQ,733,Unf,0,625,1358,GasA,Ex,Y,SBrkr,1358,0,0,1358,1,0,2,0,2,1,Gd,6,Typ,1,Gd,Attchd,2010.0,RFn,2,484,TA,TA,Y,192,35,0,0,0,0,,,,0,6,2010,New,Partial,224000
1155,60,RL,,13700,Pave,,IR1,Lvl,AllPub,Inside,Gtl,mes,Norm,Norm,1Fam,2Story,7,6,1965,1988,Gable,CompShg,VinylSd,VinylSd,Stone,288.0,TA,TA,CBlock,TA,TA,Gd,ALQ,454,Unf,0,410,864,GasA,TA,Y,SBrkr,902,918,0,1820,0,0,1,2,4,1,Gd,8,Typ,2,Gd,Attchd,1965.0,Unf,2,492,TA,TA,Y,60,84,0,0,273,0,,GdPrv,,0,5,2008,WD,Normal,201800
525,60,RL,95.0,11787,Pave,,IR1,Lvl,AllPub,Inside,Gtl,NoRidge,Norm,Norm,1Fam,2Story,7,5,1996,1997,Gable,CompShg,VinylSd,VinylSd,BrkFace,594.0,Gd,TA,PConc,Gd,TA,No,GLQ,719,Unf,0,660,1379,GasA,Ex,Y,SBrkr,1383,1015,0,2398,1,0,2,1,3,1,Gd,8,Typ,1,TA,Attchd,1996.0,Fin,3,834,TA,TA,Y,239,60,0,0,0,0,,,,0,8,2007,WD,Normal,315750
845,50,RM,100.0,12665,Pave,Grvl,IR1,Lvl,AllPub,Inside,Gtl,OldTown,Artery,Norm,1Fam,1.5Fin,5,8,1915,1950,Gable,CompShg,Wd Sdng,Wd Sdng,,0.0,TA,TA,BrkTil,TA,TA,Mn,Unf,0,Unf,0,876,876,GasA,Gd,Y,SBrkr,876,540,0,1416,0,0,1,1,4,1,TA,7,Typ,1,Gd,Detchd,1949.0,Unf,3,720,TA,TA,Y,418,0,194,0,0,0,,,,0,6,2008,WD,Normal,153900
725,20,RL,86.0,13286,Pave,,IR1,Lvl,AllPub,Inside,Gtl,Edwards,Norm,Norm,1Fam,1Story,9,5,2007,2008,Hip,CompShg,CemntBd,CmentBd,Stone,340.0,Ex,TA,PConc,Ex,TA,No,GLQ,1234,Unf,0,464,1698,GasA,Ex,Y,SBrkr,1698,0,0,1698,1,0,2,0,3,1,Ex,8,Typ,1,Gd,Attchd,2007.0,Fin,3,768,TA,TA,Y,327,64,0,0,0,0,,,,0,2,2009,WD,Normal,320000
645,20,FV,85.0,9187,Pave,,Reg,Lvl,AllPub,Inside,Gtl,Somerst,Norm,Norm,1Fam,1Story,9,5,2009,2009,Gable,CompShg,CemntBd,CmentBd,Stone,162.0,Ex,TA,PConc,Ex,TA,Mn,GLQ,1121,Unf,0,645,1766,GasA,Ex,Y,SBrkr,1766,0,0,1766,1,0,2,1,2,1,Ex,7,Typ,1,Gd,Attchd,2009.0,Fin,3,478,TA,TA,Y,195,130,0,0,0,0,,,,0,10,2009,New,Partial,370878
281,60,RL,82.0,11287,Pave,,Reg,Lvl,AllPub,Inside,Gtl,SawyerW,Norm,Norm,1Fam,2Story,7,6,1989,1989,Gable,CompShg,Plywood,Plywood,BrkFace,340.0,Gd,TA,CBlock,Gd,TA,Av,GLQ,421,Unf,0,386,807,GasA,Gd,Y,SBrkr,1175,807,0,1982,0,0,2,1,3,1,Gd,7,Typ,1,TA,Attchd,1989.0,Fin,2,575,TA,TA,Y,0,84,0,196,0,0,,,,0,1,2007,WD,Normal,228500
891,50,RL,60.0,8064,Pave,,Reg,Lvl,AllPub,Corner,Gtl,mes,Artery,Norm,1Fam,1.5Fin,5,7,1949,2006,Gable,CompShg,MetalSd,MetalSd,,0.0,TA,Gd,CBlock,TA,TA,Mn,Unf,0,Unf,0,672,672,GasA,Ex,Y,SBrkr,672,252,0,924,0,0,1,0,3,1,TA,6,Typ,1,Po,Detchd,2003.0,Unf,2,576,TA,TA,Y,0,0,0,0,0,0,,MnPrv,Shed,2000,7,2007,WD,Normal,122900
599,20,RL,80.0,12984,Pave,,Reg,Bnk,AllPub,Inside,Gtl,Crawfor,Norm,Norm,1Fam,1Story,5,6,1977,1977,Gable,CompShg,Plywood,Plywood,BrkFace,459.0,TA,TA,CBlock,Gd,TA,Mn,ALQ,1283,LwQ,147,0,1430,GasA,Ex,Y,SBrkr,1647,0,0,1647,1,0,2,0,3,1,Gd,7,Typ,1,TA,Attchd,1977.0,Fin,2,621,TA,TA,Y,0,0,0,0,0,0,,,,0,3,2006,WD,Normal,217500
36,60,RL,108.0,13418,Pave,,Reg,Lvl,AllPub,Inside,Gtl,NridgHt,Norm,Norm,1Fam,2Story,8,5,2004,2005,Gable,CompShg,VinylSd,VinylSd,Stone,132.0,Gd,TA,PConc,Ex,TA,Av,Unf,0,Unf,0,1117,1117,GasA,Ex,Y,SBrkr,1132,1320,0,2452,0,0,3,1,4,1,Gd,9,Typ,1,Gd,BuiltIn,2004.0,Fin,3,691,TA,TA,Y,113,32,0,0,0,0,,,,0,9,2006,WD,Normal,309000
518,60,RL,79.0,10208,Pave,,IR1,Lvl,AllPub,Inside,Gtl,NoRidge,Norm,Norm,1Fam,2Story,7,5,1996,1997,Gable,CompShg,VinylSd,VinylSd,BrkFace,921.0,Gd,TA,PConc,Gd,TA,No,Unf,0,Unf,0,1264,1264,GasA,Ex,Y,SBrkr,1277,1067,0,2344,0,0,2,1,3,1,Gd,7,Typ,1,TA,Attchd,1996.0,RFn,3,889,TA,TA,Y,220,0,0,0,0,0,,,,0,7,2009,WD,Normal,265000
759,160,FV,24.0,2280,Pave,Pave,Reg,Lvl,AllPub,Inside,Gtl,Somerst,Norm,Norm,Twnhs,2Story,7,5,1999,1999,Gable,CompShg,MetalSd,MetalSd,BrkFace,360.0,TA,TA,PConc,Gd,TA,No,ALQ,549,Unf,0,195,744,GasA,Gd,Y,SBrkr,757,744,0,1501,0,0,2,1,3,1,TA,6,Typ,0,,Detchd,1999.0,Unf,2,440,TA,TA,Y,0,0,0,0,0,0,,,,0,8,2008,WD,Normal,179400
350,60,RL,56.0,20431,Pave,,IR2,Lvl,AllPub,Inside,Gtl,NridgHt,Norm,Norm,1Fam,2Story,9,5,2005,2006,Hip,CompShg,CemntBd,CmentBd,BrkFace,870.0,Ex,TA,PConc,Ex,TA,No,GLQ,1410,Unf,0,438,1848,GasA,Ex,Y,SBrkr,1848,880,0,2728,1,0,2,1,4,1,Ex,10,Typ,2,Ex,Attchd,2006.0,Fin,3,706,TA,TA,Y,0,0,0,0,0,0,,,,0,4,2006,New,Partial,437154
749,20,RL,59.0,10593,Pave,,IR1,Lvl,AllPub,Inside,Gtl,NoRidge,Norm,Norm,1Fam,1Story,7,5,1996,1996,Hip,CompShg,VinylSd,VinylSd,BrkFace,338.0,Gd,TA,PConc,Gd,TA,No,GLQ,919,Unf,0,801,1720,GasA,Ex,Y,SBrkr,1720,0,0,1720,1,0,2,0,3,1,Gd,7,Typ,1,TA,Attchd,1996.0,Fin,2,527,TA,TA,Y,240,56,154,0,0,0,,,,0,3,2010,WD,Normal,260400
833,60,RL,44.0,9548,Pave,,IR1,Lvl,AllPub,CulDSac,Gtl,CollgCr,Norm,Norm,1Fam,2Story,7,6,2003,2003,Gable,CompShg,VinylSd,VinylSd,BrkFace,223.0,Gd,TA,PConc,Gd,TA,No,GLQ,483,Unf,0,458,941,GasA,Ex,Y,SBrkr,941,888,0,1829,1,0,2,1,3,1,Gd,7,Typ,1,TA,Attchd,2003.0,RFn,2,613,TA,TA,Y,192,39,0,0,0,0,,,,0,1,2010,WD,Normal,237000
1370,20,RL,48.0,10635,Pave,,IR2,Lvl,AllPub,FR2,Gtl,CollgCr,Norm,Norm,1Fam,1Story,8,5,2003,2003,Hip,CompShg,VinylSd,VinylSd,BrkFace,171.0,Gd,TA,PConc,Gd,TA,Av,BLQ,370,GLQ,972,315,1657,GasA,Ex,Y,SBrkr,1668,0,0,1668,1,0,2,0,3,1,Gd,8,Typ,1,TA,Attchd,2003.0,Fin,2,502,TA,TA,Y,0,262,0,0,0,0,,,,0,5,2010,WD,Normal,232000
620,60,RL,85.0,12244,Pave,,Reg,Lvl,AllPub,Inside,Gtl,Timber,Norm,Norm,1Fam,2Story,8,5,2003,2003,Hip,CompShg,VinylSd,VinylSd,Stone,226.0,Gd,TA,PConc,Gd,TA,Gd,GLQ,871,Unf,0,611,1482,GasA,Ex,Y,SBrkr,1482,780,0,2262,1,0,2,1,4,1,Gd,10,Typ,2,Gd,Attchd,2003.0,Fin,3,749,TA,TA,Y,168,0,0,0,0,0,,,,0,8,2008,WD,Normal,305000
283,120,RL,34.0,5063,Pave,,Reg,Lvl,AllPub,Inside,Gtl,NridgHt,Norm,Norm,Twnhs,1Story,7,5,2007,2008,Gable,CompShg,VinylSd,VinylSd,Stone,166.0,Gd,TA,PConc,Gd,TA,No,GLQ,904,Unf,0,410,1314,GasA,Ex,Y,SBrkr,1314,0,0,1314,1,0,2,0,2,1,Gd,6,Typ,1,Gd,Attchd,2008.0,RFn,2,626,TA,TA,Y,172,62,0,0,0,0,,,,0,4,2009,ConLw,Normal,207500
1317,20,RL,61.0,10226,Pave,,IR1,Lvl,AllPub,Inside,Gtl,CollgCr,Norm,Norm,1Fam,1Story,8,5,2008,2008,Gable,CompShg,VinylSd,VinylSd,Stone,270.0,Gd,TA,PConc,Ex,TA,Gd,Unf,0,Unf,0,1622,1622,GasA,Ex,Y,SBrkr,1630,0,0,1630,1,0,2,0,3,1,Ex,8,Typ,1,Gd,Attchd,2008.0,RFn,3,860,TA,TA,Y,172,42,0,0,0,0,,,,0,1,2009,WD,Normal,295493
1274,80,RL,124.0,11512,Pave,,IR1,Lvl,AllPub,Corner,Gtl,Edwards,Norm,Norm,1Fam,SLvl,6,7,1959,2006,Gable,CompShg,Plywood,Plywood,BrkFace,84.0,TA,TA,CBlock,TA,TA,Av,ALQ,719,Unf,0,300,1019,GasA,Gd,Y,SBrkr,1357,0,0,1357,1,0,1,0,2,1,Ex,5,Typ,1,Gd,Basment,1959.0,RFn,1,312,TA,TA,Y,0,0,0,0,163,0,,GdPrv,,0,5,2008,WD,Normal,177000
106,60,FV,75.0,9375,Pave,,Reg,Lvl,AllPub,Inside,Gtl,Somerst,Norm,Norm,1Fam,2Story,8,5,2003,2004,Hip,CompShg,VinylSd,VinylSd,BrkFace,768.0,Gd,TA,PConc,Ex,TA,No,Unf,0,Unf,0,1053,1053,GasA,Ex,Y,SBrkr,1053,939,0,1992,0,0,2,1,3,1,Gd,9,Typ,1,Gd,Attchd,2003.0,RFn,2,648,TA,TA,Y,140,45,0,0,0,0,,,,0,8,2008,WD,Normal,250000
663,20,RL,120.0,13560,Pave,,Reg,Lvl,AllPub,Corner,Gtl,mes,Norm,Norm,1Fam,1Story,6,3,1968,1968,Hip,CompShg,Wd Sdng,Wd Sdng,BrkFace,216.0,TA,TA,CBlock,Fa,Fa,No,Unf,0,Unf,0,1392,1392,GasA,Gd,Y,SBrkr,1392,0,0,1392,1,0,1,0,2,1,TA,5,Maj2,2,TA,Attchd,1968.0,RFn,2,576,TA,TA,Y,0,0,240,0,0,0,,,,0,7,2009,WD,Normal,110000
540,20,RL,,11423,Pave,,Reg,Lvl,AllPub,Inside,Gtl,CollgCr,Norm,Norm,1Fam,1Story,8,5,2001,2002,Gable,CompShg,VinylSd,VinylSd,BrkFace,479.0,Gd,TA,PConc,Gd,TA,Av,GLQ,1358,Unf,0,223,1581,GasA,Ex,Y,SBrkr,1601,0,0,1601,1,0,2,0,3,1,Gd,6,Typ,1,TA,Attchd,2001.0,RFn,2,670,TA,TA,Y,180,0,0,0,0,0,,MnPrv,Shed,2000,5,2010,WD,Normal,272000
704,190,RM,76.0,7630,Pave,,Reg,Lvl,AllPub,Inside,Gtl,OldTown,Feedr,Norm,2fmCon,2Story,5,9,1900,1996,Gable,CompShg,Wd Sdng,Wd Sdng,,0.0,TA,Gd,BrkTil,Gd,TA,No,Unf,0,Unf,0,360,360,GasA,Gd,Y,SBrkr,1032,780,0,1812,0,0,2,0,4,2,Gd,8,Typ,1,Po,Detchd,1999.0,Unf,2,672,TA,TA,N,344,0,40,0,0,0,,MnPrv,,0,5,2010,WD,Normal,140000
1270,50,RL,78.0,11344,Pave,,Reg,Lvl,AllPub,Inside,Gtl,mes,Feedr,Norm,1Fam,1.5Fin,5,5,1958,1958,Gable,CompShg,MetalSd,MetalSd,BrkFace,180.0,TA,TA,CBlock,TA,TA,No,BLQ,460,Unf,0,414,874,GasW,TA,Y,FuseA,874,650,0,1524,0,0,1,1,3,1,TA,7,Typ,0,,Attchd,1958.0,Unf,1,315,TA,TA,Y,0,0,0,0,0,0,,GdWo,,0,7,2007,WD,Normal,144000
74,20,RL,85.0,10200,Pave,,Reg,Lvl,AllPub,Inside,Gtl,mes,Norm,Norm,1Fam,1Story,5,7,1954,2003,Gable,CompShg,Wd Sdng,Wd Sdng,BrkFace,104.0,TA,TA,CBlock,TA,TA,No,ALQ,320,BLQ,362,404,1086,GasA,Gd,Y,SBrkr,1086,0,0,1086,1,0,1,0,3,1,TA,6,Typ,0,,Attchd,1989.0,Unf,2,490,TA,TA,Y,0,0,0,0,0,0,,GdWo,,0,5,2010,WD,Normal,144900
644,60,RL,80.0,10793,Pave,,Reg,Lvl,AllPub,Inside,Gtl,NWAmes,RRAn,Norm,1Fam,2Story,5,5,1969,1969,Mansard,CompShg,WdShing,HdBoard,BrkFace,263.0,TA,TA,CBlock,TA,TA,No,Rec,493,BLQ,287,0,780,GasA,Ex,Y,SBrkr,780,840,0,1620,0,0,2,1,4,1,TA,7,Min1,0,,Attchd,1969.0,Fin,2,462,TA,TA,Y,208,0,0,0,0,0,,GdWo,,0,4,2007,WD,Normal,152000
1427,60,RL,81.0,10944,Pave,,IR1,Lvl,AllPub,Inside,Gtl,NoRidge,Norm,Norm,1Fam,2Story,7,5,1994,1994,Gable,CompShg,VinylSd,VinylSd,BrkFace,448.0,Gd,TA,PConc,Gd,TA,No,GLQ,1000,Unf,0,223,1223,GasA,Ex,Y,SBrkr,1223,904,0,2127,1,0,2,1,3,1,Gd,5,Typ,2,TA,Attchd,1994.0,RFn,2,525,TA,TA,Y,171,132,0,0,0,0,,,,0,8,2008,WD,Normal,271000
632,120,RL,34.0,4590,Pave,,Reg,Lvl,AllPub,Inside,Gtl,NridgHt,Norm,Norm,Twnhs,1Story,8,5,2006,2006,Gable,CompShg,VinylSd,VinylSd,Stone,108.0,Gd,TA,PConc,Gd,Gd,Mn,GLQ,24,Unf,0,1530,1554,GasA,Ex,Y,SBrkr,1554,0,0,1554,0,0,2,0,2,1,Gd,6,Typ,1,Gd,Attchd,2006.0,RFn,2,627,TA,TA,Y,156,73,0,0,0,0,,,,0,8,2007,WD,Normal,209500
424,60,RL,80.0,9200,Pave,,Reg,Lvl,AllPub,Inside,Gtl,NoRidge,Norm,Norm,1Fam,2Story,8,5,1998,1998,Gable,CompShg,VinylSd,VinylSd,BrkFace,473.0,Gd,TA,PConc,Gd,TA,No,GLQ,986,Unf,0,484,1470,GasA,Gd,Y,SBrkr,1470,1160,0,2630,1,0,2,1,4,1,Gd,8,Typ,1,TA,Attchd,1998.0,Fin,3,696,TA,TA,Y,0,66,0,0,0,0,,,,0,6,2008,WD,Normal,315000
176,20,RL,84.0,12615,Pave,,Reg,Lvl,AllPub,Corner,Gtl,Edwards,Norm,Norm,1Fam,1Story,6,7,1950,2001,Gable,CompShg,WdShing,Wd Shng,,0.0,TA,TA,CBlock,TA,Gd,Av,ALQ,477,Unf,0,725,1202,GasA,TA,Y,SBrkr,2158,0,0,2158,1,0,2,0,4,1,Gd,7,Typ,1,Gd,Attchd,1950.0,Unf,2,576,TA,TA,Y,0,29,39,0,0,0,,MnPrv,,0,6,2007,WD,Normal,243000
1452,20,RL,78.0,9262,Pave,,Reg,Lvl,AllPub,Inside,Gtl,Somerst,Norm,Norm,1Fam,1Story,8,5,2008,2009,Gable,CompShg,CemntBd,CmentBd,Stone,194.0,Gd,TA,PConc,Gd,TA,No,Unf,0,Unf,0,1573,1573,GasA,Ex,Y,SBrkr,1578,0,0,1578,0,0,2,0,3,1,Ex,7,Typ,1,Gd,Attchd,2008.0,Fin,3,840,TA,TA,Y,0,36,0,0,0,0,,,,0,5,2009,New,Partial,287090
719,60,RL,96.0,10542,Pave,,Reg,Lvl,AllPub,Inside,Gtl,NoRidge,Norm,Norm,1Fam,2Story,7,5,1993,1994,Hip,CompShg,Wd Sdng,ImStucc,BrkFace,651.0,Gd,TA,PConc,Gd,TA,Gd,GLQ,1173,Unf,0,138,1311,GasA,Ex,Y,SBrkr,1325,1093,0,2418,1,0,2,1,3,1,Gd,9,Typ,1,TA,Attchd,1993.0,RFn,3,983,TA,TA,Y,250,154,216,0,0,0,,,,0,8,2008,WD,Normal,341000
1158,120,RL,34.0,5001,Pave,,IR1,Lvl,AllPub,Inside,Gtl,NridgHt,Norm,Norm,Twnhs,1Story,7,5,2007,2008,Gable,CompShg,VinylSd,VinylSd,Stone,166.0,Gd,TA,PConc,Gd,TA,No,GLQ,904,Unf,0,410,1314,GasA,Ex,Y,SBrkr,1314,0,0,1314,1,0,2,0,2,1,Gd,6,Typ,1,Gd,Attchd,2008.0,RFn,2,626,TA,TA,Y,172,62,0,0,0,0,,,,0,7,2009,WD,Normal,230000
1331,20,RL,85.0,10000,Pave,,Reg,Lvl,AllPub,Inside,Gtl,Somerst,Norm,Norm,1Fam,1Story,8,5,2006,2006,Hip,CompShg,VinylSd,VinylSd,Stone,410.0,Gd,TA,PConc,Gd,Gd,Av,Unf,0,Unf,0,1588,1588,GasA,Ex,Y,SBrkr,1588,0,0,1588,0,0,2,0,3,1,Gd,7,Typ,1,Gd,Attchd,2006.0,RFn,3,825,TA,TA,Y,144,45,0,0,0,0,,,,0,12,2007,WD,Normal,227000
382,20,FV,60.0,7200,Pave,Pave,Reg,Lvl,AllPub,Inside,Gtl,Somerst,Norm,Norm,1Fam,1Story,7,5,2006,2006,Gable,CompShg,VinylSd,VinylSd,,0.0,Gd,TA,PConc,Gd,Gd,No,Unf,0,Unf,0,1293,1293,GasA,Ex,Y,SBrkr,1301,0,0,1301,1,0,2,0,2,1,Gd,5,Typ,1,Gd,Attchd,2006.0,RFn,2,572,TA,TA,Y,216,121,0,0,0,0,,,,0,8,2006,New,Partial,187750
1307,120,RL,48.0,6955,Pave,,IR1,Lvl,AllPub,Inside,Gtl,NridgHt,Norm,Norm,TwnhsE,1Story,7,5,2005,2006,Gable,CompShg,VinylSd,VinylSd,Stone,94.0,Gd,TA,PConc,Gd,TA,No,Unf,0,Unf,0,1368,1368,GasA,Ex,Y,SBrkr,1368,0,0,1368,0,0,2,0,2,1,Gd,6,Typ,1,Gd,Attchd,2005.0,RFn,2,474,TA,TA,Y,132,35,0,0,0,0,,,,0,9,2006,New,Partial,202500
35,120,RL,60.0,7313,Pave,,Reg,Lvl,AllPub,Inside,Gtl,NridgHt,Norm,Norm,TwnhsE,1Story,9,5,2005,2005,Hip,CompShg,MetalSd,MetalSd,BrkFace,246.0,Ex,TA,PConc,Ex,TA,No,GLQ,1153,Unf,0,408,1561,GasA,Ex,Y,SBrkr,1561,0,0,1561,1,0,2,0,2,1,Ex,6,Typ,1,Gd,Attchd,2005.0,Fin,2,556,TA,TA,Y,203,47,0,0,0,0,,,,0,8,2007,WD,Normal,277500
913,30,RM,51.0,6120,Pave,,Reg,Lvl,AllPub,Inside,Gtl,BrkSide,Norm,Norm,1Fam,1Story,5,7,1925,1950,Gable,CompShg,MetalSd,MetalSd,,0.0,TA,TA,BrkTil,TA,TA,No,Rec,489,Unf,0,279,768,GasA,TA,N,SBrkr,1015,0,0,1015,0,0,1,0,3,1,TA,6,Min1,0,,Detchd,1925.0,Unf,1,450,TA,TA,Y,0,0,112,0,120,0,,MnPrv,Shed,620,7,2006,WD,Abnorml,88000
557,20,RL,69.0,14850,Pave,,IR1,Lvl,AllPub,Inside,Gtl,mes,Norm,Norm,1Fam,1Story,5,5,1957,1957,Gable,CompShg,Wd Sdng,Wd Sdng,,0.0,TA,TA,CBlock,TA,TA,No,Rec,895,Unf,0,197,1092,GasA,TA,Y,FuseA,1092,0,0,1092,1,0,1,0,2,1,TA,6,Typ,1,TA,Attchd,1957.0,Fin,1,299,TA,TA,Y,268,0,0,0,122,0,,MnWw,,0,5,2006,WD,Normal,141000
1376,20,RL,89.0,10991,Pave,,IR1,HLS,AllPub,Inside,Gtl,Timber,Norm,Norm,1Fam,1Story,8,5,2007,2007,Gable,CompShg,VinylSd,VinylSd,BrkFace,80.0,Gd,TA,PConc,Gd,TA,Gd,Unf,0,Unf,0,1571,1571,GasA,Ex,Y,SBrkr,1571,0,0,1571,0,0,2,0,3,1,Gd,7,Typ,1,Gd,Attchd,2007.0,Fin,3,722,TA,TA,Y,100,36,0,0,0,0,,,,0,12,2007,New,Partial,239000
215,60,RL,,10900,Pave,,IR1,Lvl,AllPub,FR2,Gtl,CollgCr,Norm,Norm,1Fam,2Story,6,7,1977,1977,Gable,CompShg,HdBoard,HdBoard,BrkFace,153.0,TA,TA,CBlock,Gd,TA,No,GLQ,378,Unf,0,311,689,GasA,Ex,Y,SBrkr,689,703,0,1392,0,0,1,1,3,1,TA,6,Typ,0,,Attchd,1977.0,Fin,1,299,TA,TA,Y,0,36,0,0,0,0,,MnPrv,Shed,450,3,2010,WD,Normal,161750
1457,20,RL,85.0,13175,Pave,,Reg,Lvl,AllPub,Inside,Gtl,NWAmes,Norm,Norm,1Fam,1Story,6,6,1978,1988,Gable,CompShg,Plywood,Plywood,Stone,119.0,TA,TA,CBlock,Gd,TA,No,ALQ,790,Rec,163,589,1542,GasA,TA,Y,SBrkr,2073,0,0,2073,1,0,2,0,3,1,TA,7,Min1,2,TA,Attchd,1978.0,Unf,2,500,TA,TA,Y,349,0,0,0,0,0,,MnPrv,,0,2,2010,WD,Normal,210000
995,20,RL,96.0,12456,Pave,,Reg,Lvl,AllPub,FR2,Gtl,NridgHt,Norm,Norm,1Fam,1Story,10,5,2006,2007,Hip,CompShg,CemntBd,CmentBd,Stone,230.0,Ex,TA,PConc,Ex,TA,Gd,GLQ,1172,Unf,0,528,1700,GasA,Ex,Y,SBrkr,1718,0,0,1718,1,0,2,0,3,1,Ex,7,Typ,1,Gd,Attchd,2008.0,Fin,3,786,TA,TA,Y,216,48,0,0,0,0,,,,0,7,2009,WD,Normal,337500
1297,20,RL,80.0,8700,Pave,,Reg,Lvl,AllPub,Inside,Gtl,mes,Norm,Norm,1Fam,1Story,5,6,1963,1963,Hip,CompShg,MetalSd,MetalSd,BrkFace,148.0,TA,Gd,CBlock,TA,TA,Mn,ALQ,776,Unf,0,344,1120,GasA,Gd,Y,SBrkr,1128,0,0,1128,1,0,2,0,3,1,TA,6,Typ,0,,Attchd,1963.0,RFn,2,525,TA,TA,Y,192,20,123,0,0,0,,MnPrv,,0,12,2008,WD,Normal,155000
107,30,RM,60.0,10800,Pave,Grvl,Reg,Lvl,AllPub,Inside,Gtl,OldTown,Norm,Norm,1Fam,1Story,4,7,1885,1995,Mansard,CompShg,VinylSd,VinylSd,,0.0,TA,TA,BrkTil,Fa,TA,No,Unf,0,Unf,0,641,641,GasA,Gd,Y,SBrkr,1047,0,0,1047,0,0,1,0,2,1,TA,6,Typ,0,,Detchd,1954.0,Unf,1,273,Fa,Fa,N,0,0,0,0,0,0,,,Shed,450,8,2007,WD,Normal,100000
696,20,RL,54.0,13811,Pave,,IR1,Lvl,AllPub,Inside,Gtl,Timber,Norm,Norm,1Fam,1Story,6,6,1987,1987,Gable,CompShg,HdBoard,HdBoard,BrkFace,72.0,TA,TA,CBlock,Gd,Gd,No,GLQ,980,LwQ,40,92,1112,GasA,Gd,Y,SBrkr,1137,0,0,1137,1,0,2,0,2,1,Gd,5,Typ,1,TA,Attchd,1987.0,Unf,2,551,TA,TA,Y,125,0,0,0,0,0,,,,0,7,2006,WD,Normal,176000
1057,120,RL,43.0,7052,Pave,,IR1,Lvl,AllPub,Inside,Gtl,NridgHt,Norm,Norm,TwnhsE,1Story,7,5,2005,2005,Gable,CompShg,VinylSd,VinylSd,Stone,240.0,Gd,TA,PConc,Gd,TA,Av,GLQ,659,Unf,0,705,1364,GasA,Ex,Y,SBrkr,1364,0,0,1364,1,0,2,0,2,1,Gd,6,Typ,1,Gd,Attchd,2005.0,RFn,2,484,TA,TA,Y,192,36,0,0,0,0,,,,0,6,2006,WD,Normal,185850
1405,50,RL,60.0,10410,Pave,Grvl,Reg,Lvl,AllPub,Corner,Gtl,OldTown,Artery,Norm,1Fam,1.5Fin,3,4,1915,1950,Gable,CompShg,Wd Sdng,Wd Sdng,,0.0,TA,TA,PConc,TA,TA,No,Unf,0,Unf,0,672,672,GasA,TA,Y,SBrkr,694,520,0,1214,0,0,1,0,3,1,TA,6,Typ,0,,Detchd,1998.0,Unf,3,936,TA,TA,Y,216,0,160,0,0,0,,MnPrv,,0,1,2006,WD,Family,105000
799,60,RL,104.0,13518,Pave,,Reg,Lvl,AllPub,Inside,Gtl,NridgHt,Norm,Norm,1Fam,2Story,9,5,2008,2009,Hip,CompShg,VinylSd,VinylSd,Stone,860.0,Ex,TA,PConc,Ex,TA,No,Unf,0,Unf,0,1926,1926,GasA,Ex,Y,SBrkr,1966,1174,0,3140,0,0,3,1,4,1,Ex,11,Typ,2,Gd,BuiltIn,2009.0,Fin,3,820,TA,TA,Y,144,78,0,0,0,0,,,,0,7,2009,New,Partial,485000
481,20,RL,98.0,16033,Pave,,IR1,Lvl,AllPub,FR2,Gtl,NridgHt,Norm,Norm,1Fam,1Story,9,5,2004,2005,Hip,CompShg,VinylSd,VinylSd,BrkFace,378.0,Gd,TA,PConc,Ex,TA,Gd,GLQ,1261,Unf,0,572,1833,GasA,Ex,Y,SBrkr,1850,0,0,1850,1,0,2,0,3,1,Gd,8,Typ,1,Gd,Attchd,2004.0,Fin,3,772,TA,TA,Y,519,112,0,0,0,0,,,,0,3,2006,WD,Normal,326000
307,60,RL,116.0,13474,Pave,,Reg,Lvl,AllPub,Inside,Gtl,SawyerW,Feedr,Norm,1Fam,2Story,7,5,1990,1991,Gable,CompShg,HdBoard,Plywood,BrkFace,246.0,Gd,TA,CBlock,Gd,TA,No,ALQ,700,Unf,0,0,700,GasA,Gd,Y,SBrkr,1122,1121,0,2243,1,0,2,1,4,1,Gd,8,Typ,1,TA,Attchd,1990.0,RFn,3,746,TA,TA,Y,127,44,224,0,0,0,,,,0,6,2007,WD,Normal,225000
733,60,RL,75.0,11404,Pave,,IR1,Lvl,AllPub,Inside,Gtl,CollgCr,Norm,Norm,1Fam,2Story,7,5,1998,1999,Gable,CompShg,VinylSd,VinylSd,BrkFace,202.0,Gd,TA,PConc,Gd,TA,Av,ALQ,252,Unf,0,901,1153,GasA,Ex,Y,SBrkr,1153,878,0,2031,0,0,2,1,3,1,Gd,8,Typ,1,TA,Attchd,1998.0,Fin,2,541,TA,TA,Y,192,84,0,0,0,0,,,,0,7,2008,WD,Normal,222500
159,60,FV,100.0,12552,Pave,,Reg,Lvl,AllPub,Corner,Gtl,Somerst,Norm,Norm,1Fam,2Story,7,5,2004,2005,Gable,CompShg,VinylSd,VinylSd,,0.0,Gd,TA,PConc,Gd,TA,No,GLQ,222,Unf,0,769,991,GasA,Ex,Y,SBrkr,991,956,0,1947,0,0,2,1,3,1,Gd,8,Typ,1,Gd,Attchd,2004.0,RFn,2,678,TA,TA,Y,0,136,0,0,0,0,,GdWo,,0,5,2010,WD,Normal,254900
7,20,RL,75.0,10084,Pave,,Reg,Lvl,AllPub,Inside,Gtl,Somerst,Norm,Norm,1Fam,1Story,8,5,2004,2005,Gable,CompShg,VinylSd,VinylSd,Stone,186.0,Gd,TA,PConc,Ex,TA,Av,GLQ,1369,Unf,0,317,1686,GasA,Ex,Y,SBrkr,1694,0,0,1694,1,0,2,0,3,1,Gd,7,Typ,1,Gd,Attchd,2004.0,RFn,2,636,TA,TA,Y,255,57,0,0,0,0,,,,0,8,2007,WD,Normal,307000
1436,20,RL,80.0,8400,Pave,,Reg,Lvl,AllPub,Inside,Gtl,mes,Norm,Norm,1Fam,1Story,6,9,1962,2005,Gable,CompShg,Wd Sdng,Wd Sdng,BrkFace,237.0,Gd,Gd,CBlock,TA,TA,No,Unf,0,Unf,0,1319,1319,GasA,TA,Y,SBrkr,1537,0,0,1537,1,0,1,1,3,1,Gd,7,Typ,1,Gd,Attchd,1962.0,RFn,2,462,TA,TA,Y,0,36,0,0,0,0,,GdPrv,,0,7,2008,COD,Abnorml,174000
469,20,RL,98.0,11428,Pave,,IR1,Lvl,AllPub,Inside,Gtl,NridgHt,Norm,Norm,1Fam,1Story,8,5,2006,2006,Gable,CompShg,VinylSd,VinylSd,Stone,248.0,Gd,TA,PConc,Gd,TA,No,Unf,0,Unf,0,1626,1626,GasA,Ex,Y,SBrkr,1634,0,0,1634,0,0,2,0,3,1,Gd,7,Typ,1,Gd,Attchd,2006.0,RFn,3,866,TA,TA,Y,0,44,0,0,0,0,,,,0,5,2007,WD,Normal,250000
890,20,RL,128.0,12160,Pave,,Reg,Lvl,AllPub,Inside,Gtl,mes,Feedr,Norm,1Fam,1Story,6,4,1953,1953,Hip,CompShg,Wd Sdng,Wd Sdng,BrkFace,90.0,TA,TA,CBlock,TA,TA,No,BLQ,1024,Unf,0,481,1505,GasA,Ex,Y,SBrkr,1505,0,0,1505,1,0,1,0,2,1,TA,6,Typ,1,TA,Attchd,1953.0,RFn,2,505,TA,TA,Y,0,0,0,162,0,0,,,,0,2,2009,WD,Normal,149500
524,60,RL,130.0,40094,Pave,,IR1,Bnk,AllPub,Inside,Gtl,Edwards,PosN,PosN,1Fam,2Story,10,5,2007,2008,Hip,CompShg,CemntBd,CmentBd,Stone,762.0,Ex,TA,PConc,Ex,TA,Gd,GLQ,2260,Unf,0,878,3138,GasA,Ex,Y,SBrkr,3138,1538,0,4676,1,0,3,1,3,1,Ex,11,Typ,1,Gd,BuiltIn,2007.0,Fin,3,884,TA,TA,Y,208,406,0,0,0,0,,,,0,10,2007,New,Partial,184750
186,75,RM,90.0,22950,Pave,,IR2,Lvl,AllPub,Inside,Gtl,OldTown,Artery,Norm,1Fam,2.5Fin,10,9,1892,1993,Gable,WdShngl,Wd Sdng,Wd Sdng,,0.0,Gd,Gd,BrkTil,TA,TA,Mn,Unf,0,Unf,0,1107,1107,GasA,Ex,Y,SBrkr,1518,1518,572,3608,0,0,2,1,4,1,Ex,12,Typ,2,TA,Detchd,1993.0,Unf,3,840,Ex,TA,Y,0,260,0,0,410,0,,GdPrv,,0,6,2006,WD,Normal,475000
179,20,RL,63.0,17423,Pave,,IR1,Lvl,AllPub,CulDSac,Gtl,StoneBr,Norm,Norm,1Fam,1Story,9,5,2008,2009,Hip,CompShg,VinylSd,VinylSd,Stone,748.0,Ex,TA,PConc,Ex,TA,No,GLQ,1904,Unf,0,312,2216,GasA,Ex,Y,SBrkr,2234,0,0,2234,1,0,2,0,1,1,Ex,9,Typ,1,Gd,Attchd,2009.0,Fin,3,1166,TA,TA,Y,0,60,0,0,0,0,,,,0,7,2009,New,Partial,501837
879,85,RL,88.0,11782,Pave,,IR1,Lvl,AllPub,Inside,Gtl,Sawyer,Norm,Norm,1Fam,SFoyer,5,7,1961,1995,Gable,CompShg,HdBoard,HdBoard,,0.0,TA,TA,CBlock,TA,TA,Av,ALQ,899,Unf,0,210,1109,GasA,TA,Y,SBrkr,1155,0,0,1155,1,0,1,0,3,1,Gd,6,Min2,0,,Detchd,1987.0,Unf,2,576,TA,TA,Y,192,0,0,0,0,0,,MnPrv,Shed,400,6,2010,WD,Normal,148000
1229,120,RL,65.0,8769,Pave,,Reg,Lvl,AllPub,Corner,Gtl,NridgHt,Norm,Norm,TwnhsE,1Story,9,5,2008,2008,Hip,CompShg,MetalSd,MetalSd,BrkFace,766.0,Ex,TA,PConc,Ex,TA,No,GLQ,1540,Unf,0,162,1702,GasA,Ex,Y,SBrkr,1702,0,0,1702,1,0,1,1,1,1,Ex,7,Typ,1,Gd,Attchd,2008.0,Fin,3,1052,TA,TA,Y,0,72,0,0,224,0,,,,0,10,2008,New,Partial,367294
259,60,RL,80.0,12435,Pave,,Reg,Lvl,AllPub,Inside,Gtl,CollgCr,Norm,Norm,1Fam,2Story,7,5,2001,2001,Gable,CompShg,VinylSd,VinylSd,BrkFace,172.0,Gd,TA,PConc,Gd,TA,No,GLQ,361,Unf,0,602,963,GasA,Ex,Y,SBrkr,963,829,0,1792,0,0,2,1,3,1,Gd,7,Typ,1,TA,Attchd,2001.0,RFn,2,564,TA,TA,Y,0,96,0,245,0,0,,,,0,5,2008,WD,Normal,231500
404,60,RL,93.0,12090,Pave,,Reg,Lvl,AllPub,Corner,Gtl,NoRidge,Norm,Norm,1Fam,2Story,8,5,1998,1998,Hip,CompShg,VinylSd,VinylSd,BrkFace,650.0,Gd,TA,PConc,Gd,TA,No,Unf,0,Unf,0,1141,1141,GasA,Gd,Y,SBrkr,1165,1098,0,2263,0,0,2,1,4,1,Gd,10,Typ,1,TA,BuiltIn,1998.0,Fin,2,420,TA,TA,Y,144,123,0,0,0,0,,,,0,7,2006,WD,Abnorml,258000
662,60,RL,52.0,46589,Pave,,IR2,Lvl,AllPub,CulDSac,Gtl,NoRidge,Norm,Norm,1Fam,2Story,8,7,1994,2005,Hip,CompShg,VinylSd,VinylSd,BrkFace,528.0,Gd,TA,PConc,Gd,Gd,No,GLQ,1361,Rec,180,88,1629,GasA,Ex,Y,SBrkr,1686,762,0,2448,1,0,2,1,4,1,Gd,8,Typ,1,TA,Attchd,1994.0,RFn,3,711,TA,TA,Y,517,76,0,0,0,0,,,,0,7,2009,WD,Normal,402000
1296,20,RL,70.0,8400,Pave,,Reg,Lvl,AllPub,Inside,Gtl,mes,Feedr,Norm,1Fam,1Story,5,5,1968,1968,Hip,CompShg,HdBoard,HdBoard,BrkFace,168.0,TA,TA,CBlock,TA,TA,Av,BLQ,1016,Unf,0,36,1052,GasA,Gd,Y,SBrkr,1052,0,0,1052,1,0,1,1,3,1,TA,5,Typ,0,,Attchd,1968.0,RFn,1,288,TA,TA,Y,356,0,0,0,0,0,,GdWo,,0,11,2006,WD,Normal,138500
1294,60,RL,78.0,10140,Pave,,Reg,Lvl,AllPub,Inside,Gtl,NWAmes,Norm,Norm,1Fam,2Story,7,5,1976,1976,Gable,CompShg,HdBoard,HdBoard,,0.0,TA,TA,PConc,Gd,TA,No,GLQ,194,Unf,0,638,832,GasA,TA,Y,SBrkr,832,832,0,1664,0,0,2,1,4,1,TA,8,Typ,1,TA,Attchd,1976.0,RFn,2,528,TA,TA,Y,0,28,0,0,259,0,,GdWo,,0,3,2006,WD,Normal,162900
528,60,RL,67.0,14948,Pave,,IR1,Lvl,AllPub,Inside,Gtl,NridgHt,Norm,Norm,1Fam,2Story,9,5,2008,2008,Hip,CompShg,VinylSd,VinylSd,Stone,268.0,Ex,TA,PConc,Ex,TA,Av,GLQ,1330,Unf,0,122,1452,GasA,Ex,Y,SBrkr,1476,1237,0,2713,1,0,2,1,3,1,Ex,11,Typ,1,Gd,Attchd,2008.0,Fin,3,858,TA,TA,Y,126,66,0,0,0,0,,,,0,11,2008,New,Partial,446261
804,60,RL,107.0,13891,Pave,,Reg,Lvl,AllPub,Inside,Gtl,NridgHt,Norm,Norm,1Fam,2Story,9,5,2008,2009,Hip,CompShg,VinylSd,VinylSd,Stone,424.0,Ex,TA,PConc,Ex,TA,Gd,Unf,0,Unf,0,1734,1734,GasA,Ex,Y,SBrkr,1734,1088,0,2822,0,0,3,1,4,1,Ex,12,Typ,1,Gd,BuiltIn,2009.0,RFn,3,1020,TA,TA,Y,52,170,0,0,192,0,,,,0,1,2009,New,Partial,582933
210,20,RL,75.0,8250,Pave,,Reg,Lvl,AllPub,Inside,Gtl,mes,Norm,Norm,1Fam,1Story,6,7,1964,1964,Hip,CompShg,HdBoard,HdBoard,Stone,260.0,TA,TA,CBlock,Gd,TA,No,Rec,787,Unf,0,305,1092,GasA,Ex,Y,SBrkr,1092,0,0,1092,1,0,1,0,3,1,TA,6,Typ,0,,Attchd,1964.0,RFn,2,504,TA,Gd,Y,0,0,0,0,0,0,,MnPrv,,0,7,2008,WD,Normal,145000
281,60,RL,82.0,11287,Pave,,Reg,Lvl,AllPub,Inside,Gtl,SawyerW,Norm,Norm,1Fam,2Story,7,6,1989,1989,Gable,CompShg,Plywood,Plywood,BrkFace,340.0,Gd,TA,CBlock,Gd,TA,Av,GLQ,421,Unf,0,386,807,GasA,Gd,Y,SBrkr,1175,807,0,1982,0,0,2,1,3,1,Gd,7,Typ,1,TA,Attchd,1989.0,Fin,2,575,TA,TA,Y,0,84,0,196,0,0,,,,0,1,2007,WD,Normal,228500
1427,60,RL,81.0,10944,Pave,,IR1,Lvl,AllPub,Inside,Gtl,NoRidge,Norm,Norm,1Fam,2Story,7,5,1994,1994,Gable,CompShg,VinylSd,VinylSd,BrkFace,448.0,Gd,TA,PConc,Gd,TA,No,GLQ,1000,Unf,0,223,1223,GasA,Ex,Y,SBrkr,1223,904,0,2127,1,0,2,1,3,1,Gd,5,Typ,2,TA,Attchd,1994.0,RFn,2,525,TA,TA,Y,171,132,0,0,0,0,,,,0,8,2008,WD,Normal,271000
965,60,RL,80.0,11316,Pave,,Reg,Lvl,AllPub,Corner,Gtl,Timber,Norm,Norm,1Fam,2Story,7,5,2002,2003,Gable,CompShg,VinylSd,VinylSd,BrkFace,44.0,Gd,TA,PConc,Gd,TA,No,GLQ,624,Unf,0,193,817,GasA,Ex,Y,SBrkr,824,1070,0,1894,1,0,2,1,4,1,Gd,8,Typ,1,Gd,BuiltIn,2002.0,Fin,2,510,TA,TA,Y,0,40,0,0,0,0,,,,0,2,2010,WD,Normal,214900
891,50,RL,60.0,8064,Pave,,Reg,Lvl,AllPub,Corner,Gtl,mes,Artery,Norm,1Fam,1.5Fin,5,7,1949,2006,Gable,CompShg,MetalSd,MetalSd,,0.0,TA,Gd,CBlock,TA,TA,Mn,Unf,0,Unf,0,672,672,GasA,Ex,Y,SBrkr,672,252,0,924,0,0,1,0,3,1,TA,6,Typ,1,Po,Detchd,2003.0,Unf,2,576,TA,TA,Y,0,0,0,0,0,0,,MnPrv,Shed,2000,7,2007,WD,Normal,122900
804,60,RL,107.0,13891,Pave,,Reg,Lvl,AllPub,Inside,Gtl,NridgHt,Norm,Norm,1Fam,2Story,9,5,2008,2009,Hip,CompShg,VinylSd,VinylSd,Stone,424.0,Ex,TA,PConc,Ex,TA,Gd,Unf,0,Unf,0,1734,1734,GasA,Ex,Y,SBrkr,1734,1088,0,2822,0,0,3,1,4,1,Ex,12,Typ,1,Gd,BuiltIn,2009.0,RFn,3,1020,TA,TA,Y,52,170,0,0,192,0,,,,0,1,2009,New,Partial,582933
1193,50,RM,60.0,9600,Pave,Grvl,Reg,Lvl,AllPub,Inside,Gtl,OldTown,Norm,Norm,1Fam,1.5Fin,5,8,1925,1994,Gambrel,CompShg,VinylSd,VinylSd,,0.0,TA,TA,PConc,TA,TA,Mn,Unf,0,Unf,0,702,702,GasA,Gd,Y,SBrkr,842,630,0,1472,0,0,1,0,3,1,Gd,6,Typ,0,,Detchd,1925.0,Unf,1,250,TA,Fa,P,0,0,84,0,0,0,,GdWo,,0,7,2007,WD,Normal,125000
557,20,RL,69.0,14850,Pave,,IR1,Lvl,AllPub,Inside,Gtl,mes,Norm,Norm,1Fam,1Story,5,5,1957,1957,Gable,CompShg,Wd Sdng,Wd Sdng,,0.0,TA,TA,CBlock,TA,TA,No,Rec,895,Unf,0,197,1092,GasA,TA,Y,FuseA,1092,0,0,1092,1,0,1,0,2,1,TA,6,Typ,1,TA,Attchd,1957.0,Fin,1,299,TA,TA,Y,268,0,0,0,122,0,,MnWw,,0,5,2006,WD,Normal,141000
632,120,RL,34.0,4590,Pave,,Reg,Lvl,AllPub,Inside,Gtl,NridgHt,Norm,Norm,Twnhs,1Story,8,5,2006,2006,Gable,CompShg,VinylSd,VinylSd,Stone,108.0,Gd,TA,PConc,Gd,Gd,Mn,GLQ,24,Unf,0,1530,1554,GasA,Ex,Y,SBrkr,1554,0,0,1554,0,0,2,0,2,1,Gd,6,Typ,1,Gd,Attchd,2006.0,RFn,2,627,TA,TA,Y,156,73,0,0,0,0,,,,0,8,2007,WD,Normal,209500
1077,50,RL,60.0,10800,Pave,Grvl,Reg,Lvl,AllPub,Inside,Gtl,OldTown,Norm,Norm,1Fam,1.5Fin,5,8,1936,1989,Gable,CompShg,Wd Sdng,Wd Sdng,,0.0,TA,TA,CBlock,Fa,TA,No,ALQ,626,Unf,0,170,796,GasA,Gd,Y,SBrkr,1096,370,0,1466,0,1,2,0,3,1,Gd,7,Min1,1,TA,Attchd,1950.0,Unf,2,566,TA,TA,Y,436,21,0,0,0,0,,,Shed,500,4,2006,WD,Normal,170000
469,20,RL,98.0,11428,Pave,,IR1,Lvl,AllPub,Inside,Gtl,NridgHt,Norm,Norm,1Fam,1Story,8,5,2006,2006,Gable,CompShg,VinylSd,VinylSd,Stone,248.0,Gd,TA,PConc,Gd,TA,No,Unf,0,Unf,0,1626,1626,GasA,Ex,Y,SBrkr,1634,0,0,1634,0,0,2,0,3,1,Gd,7,Typ,1,Gd,Attchd,2006.0,RFn,3,866,TA,TA,Y,0,44,0,0,0,0,,,,0,5,2007,WD,Normal,250000
925,20,RL,79.0,10240,Pave,,Reg,Lvl,AllPub,Inside,Gtl,NWAmes,Norm,Norm,1Fam,1Story,6,6,1980,1980,Gable,CompShg,Plywood,Plywood,BrkFace,157.0,TA,Gd,CBlock,Gd,TA,No,BLQ,625,LwQ,1061,0,1686,GasA,TA,Y,SBrkr,1686,0,0,1686,1,0,2,0,3,1,TA,7,Typ,1,TA,Attchd,1980.0,Unf,2,612,TA,TA,Y,384,131,0,0,0,0,,,,0,5,2006,WD,Normal,207500
764,60,RL,82.0,9430,Pave,,Reg,Lvl,AllPub,Inside,Gtl,NoRidge,Norm,Norm,1Fam,2Story,8,5,1999,1999,Gable,CompShg,VinylSd,VinylSd,BrkFace,673.0,Gd,TA,PConc,Gd,TA,Mn,GLQ,1163,Unf,0,89,1252,GasA,Ex,Y,SBrkr,1268,1097,0,2365,1,0,2,1,3,1,Gd,8,Typ,1,Gd,Attchd,1999.0,RFn,3,856,TA,TA,Y,0,128,0,0,180,0,,,,0,7,2009,WD,Normal,337000
240,50,RL,52.0,8741,Pave,,Reg,Lvl,AllPub,Inside,Gtl,Edwards,Norm,Norm,1Fam,1.5Fin,6,4,1945,1950,Gable,CompShg,VinylSd,VinylSd,,0.0,TA,TA,CBlock,TA,Fa,No,LwQ,94,Unf,0,641,735,GasA,TA,Y,FuseA,798,689,0,1487,0,0,1,1,3,1,TA,7,Typ,1,Gd,Detchd,1949.0,Unf,1,220,TA,TA,Y,0,140,0,0,0,0,,MnPrv,,0,4,2010,WD,Normal,113000
41,20,RL,84.0,8658,Pave,,Reg,Lvl,AllPub,Inside,Gtl,mes,Norm,Norm,1Fam,1Story,6,5,1965,1965,Gable,CompShg,Wd Sdng,Wd Sdng,BrkFace,101.0,TA,TA,CBlock,TA,TA,No,Rec,643,Unf,0,445,1088,GasA,Ex,Y,SBrkr,1324,0,0,1324,0,0,2,0,3,1,TA,6,Typ,1,TA,Attchd,1965.0,RFn,2,440,TA,TA,Y,0,138,0,0,0,0,,GdWo,,0,12,2006,WD,Abnorml,160000
1394,190,RM,60.0,10800,Pave,Pave,Reg,Lvl,AllPub,Inside,Gtl,OldTown,Norm,Norm,2fmCon,1.5Fin,6,7,1905,2000,Gable,CompShg,Wd Sdng,Wd Sdng,,0.0,TA,TA,BrkTil,Fa,TA,No,Unf,0,Unf,0,482,482,GasA,Ex,N,SBrkr,1221,691,0,1912,0,0,2,0,3,2,TA,7,Typ,1,TA,Detchd,2003.0,Unf,2,672,Gd,TA,Y,0,25,212,0,0,0,,,,0,4,2008,WD,Normal,163000
1370,20,RL,48.0,10635,Pave,,IR2,Lvl,AllPub,FR2,Gtl,CollgCr,Norm,Norm,1Fam,1Story,8,5,2003,2003,Hip,CompShg,VinylSd,VinylSd,BrkFace,171.0,Gd,TA,PConc,Gd,TA,Av,BLQ,370,GLQ,972,315,1657,GasA,Ex,Y,SBrkr,1668,0,0,1668,1,0,2,0,3,1,Gd,8,Typ,1,TA,Attchd,2003.0,Fin,2,502,TA,TA,Y,0,262,0,0,0,0,,,,0,5,2010,WD,Normal,232000
227,60,RL,82.0,9950,Pave,,IR1,Lvl,AllPub,Inside,Gtl,NoRidge,Norm,Norm,1Fam,2Story,7,5,1995,1995,Gable,CompShg,VinylSd,VinylSd,BrkFace,290.0,Gd,TA,PConc,Gd,TA,No,GLQ,565,Unf,0,638,1203,GasA,Ex,Y,SBrkr,1214,1306,0,2520,0,0,2,1,4,1,Gd,9,Typ,1,TA,Attchd,1995.0,RFn,3,721,TA,TA,Y,224,114,0,0,0,0,,,,0,6,2007,WD,Abnorml,290000
870,60,RL,80.0,9938,Pave,,Reg,Lvl,AllPub,Inside,Gtl,SawyerW,Norm,Norm,1Fam,2Story,7,5,1993,1994,Gable,CompShg,MetalSd,MetalSd,BrkFace,246.0,Gd,TA,PConc,Gd,TA,No,GLQ,750,Unf,0,300,1050,GasA,Ex,Y,SBrkr,1062,887,0,1949,1,0,2,1,3,1,Gd,8,Typ,1,TA,Attchd,1993.0,Fin,2,574,TA,TA,Y,156,90,0,0,0,0,,GdPrv,,0,6,2010,WD,Normal,236000
368,80,RL,101.0,9150,Pave,,IR1,Lvl,AllPub,Corner,Gtl,mes,Norm,Norm,1Fam,SLvl,6,5,1962,1962,Gable,Tar&Grv,Plywood,Plywood,BrkFace,305.0,TA,TA,CBlock,Gd,TA,Gd,GLQ,371,Unf,0,728,1099,GasA,Gd,Y,SBrkr,1431,0,0,1431,0,1,1,0,3,1,TA,6,Typ,1,Gd,Basment,1962.0,RFn,1,296,TA,TA,Y,64,110,0,0,0,0,,,,0,12,2008,WD,Normal,165000
469,20,RL,98.0,11428,Pave,,IR1,Lvl,AllPub,Inside,Gtl,NridgHt,Norm,Norm,1Fam,1Story,8,5,2006,2006,Gable,CompShg,VinylSd,VinylSd,Stone,248.0,Gd,TA,PConc,Gd,TA,No,Unf,0,Unf,0,1626,1626,GasA,Ex,Y,SBrkr,1634,0,0,1634,0,0,2,0,3,1,Gd,7,Typ,1,Gd,Attchd,2006.0,RFn,3,866,TA,TA,Y,0,44,0,0,0,0,,,,0,5,2007,WD,Normal,250000
766,20,RL,75.0,14587,Pave,,IR1,Lvl,AllPub,Inside,Gtl,Somerst,Norm,Norm,1Fam,1Story,9,5,2008,2008,Gable,CompShg,VinylSd,VinylSd,Stone,284.0,Gd,TA,PConc,Gd,TA,No,Unf,0,Unf,0,1498,1498,GasA,Ex,Y,SBrkr,1506,0,0,1506,0,0,2,0,2,1,Ex,6,Typ,1,Gd,Attchd,2008.0,Fin,2,592,TA,TA,Y,0,174,0,0,0,0,,,,0,8,2008,New,Partial,264132
835,20,RL,75.0,7875,Pave,,Reg,Lvl,AllPub,Inside,Gtl,mes,Norm,Norm,1Fam,1Story,5,6,1961,1961,Gable,CompShg,VinylSd,VinylSd,BrkFace,136.0,TA,TA,CBlock,TA,TA,No,Rec,572,Unf,0,572,1144,GasA,Gd,Y,SBrkr,1144,0,0,1144,1,0,1,0,3,1,TA,6,Typ,0,,Attchd,1961.0,Unf,2,456,TA,TA,Y,0,0,0,0,0,0,,GdWo,,0,9,2008,WD,Normal,139950
693,60,RL,42.0,26178,Pave,,IR1,Lvl,AllPub,Inside,Mod,Timber,Norm,Norm,1Fam,2Story,7,5,1989,1990,Hip,CompShg,MetalSd,MetalSd,BrkFace,293.0,Gd,TA,PConc,Gd,TA,Gd,GLQ,965,Unf,0,245,1210,GasA,Ex,Y,SBrkr,1238,1281,0,2519,1,0,2,1,4,1,Gd,9,Typ,2,Gd,Attchd,1989.0,RFn,2,628,TA,TA,Y,320,27,0,0,0,0,,,,0,4,2006,WD,Normal,335000
380,60,RL,60.0,8123,Pave,,IR1,Lvl,AllPub,Inside,Gtl,Gilbert,RRAn,Norm,1Fam,2Story,6,5,2000,2000,Gable,CompShg,VinylSd,VinylSd,BrkFace,16.0,TA,TA,PConc,Gd,TA,No,Unf,0,Unf,0,982,982,GasA,Ex,Y,SBrkr,1007,793,0,1800,0,0,2,1,3,1,TA,7,Typ,1,TA,Attchd,2000.0,Fin,2,463,TA,TA,Y,100,63,0,0,0,0,,,,0,6,2009,WD,Normal,179000
114,20,RL,,21000,Pave,,Reg,Bnk,AllPub,Corner,Gtl,Crawfor,Norm,Norm,1Fam,1Story,6,5,1953,1953,Hip,CompShg,Wd Sdng,Wd Sdng,BrkFace,184.0,TA,Gd,CBlock,Gd,TA,Mn,ALQ,35,Rec,869,905,1809,GasA,TA,Y,SBrkr,2259,0,0,2259,1,0,2,0,3,1,Gd,7,Typ,2,Gd,Basment,1953.0,Unf,2,450,TA,TA,Y,166,120,192,0,0,0,,MnPrv,,0,10,2007,COD,Abnorml,217000
159,60,FV,100.0,12552,Pave,,Reg,Lvl,AllPub,Corner,Gtl,Somerst,Norm,Norm,1Fam,2Story,7,5,2004,2005,Gable,CompShg,VinylSd,VinylSd,,0.0,Gd,TA,PConc,Gd,TA,No,GLQ,222,Unf,0,769,991,GasA,Ex,Y,SBrkr,991,956,0,1947,0,0,2,1,3,1,Gd,8,Typ,1,Gd,Attchd,2004.0,RFn,2,678,TA,TA,Y,0,136,0,0,0,0,,GdWo,,0,5,2010,WD,Normal,254900
540,20,RL,,11423,Pave,,Reg,Lvl,AllPub,Inside,Gtl,CollgCr,Norm,Norm,1Fam,1Story,8,5,2001,2002,Gable,CompShg,VinylSd,VinylSd,BrkFace,479.0,Gd,TA,PConc,Gd,TA,Av,GLQ,1358,Unf,0,223,1581,GasA,Ex,Y,SBrkr,1601,0,0,1601,1,0,2,0,3,1,Gd,6,Typ,1,TA,Attchd,2001.0,RFn,2,670,TA,TA,Y,180,0,0,0,0,0,,MnPrv,Shed,2000,5,2010,WD,Normal,272000
1094,20,RL,71.0,9230,Pave,,Reg,Lvl,AllPub,Corner,Gtl,mes,Feedr,Norm,1Fam,1Story,5,8,1965,1998,Hip,CompShg,MetalSd,MetalSd,BrkFace,166.0,TA,TA,CBlock,TA,TA,Mn,GLQ,661,Unf,0,203,864,GasA,Gd,Y,SBrkr,1200,0,0,1200,1,0,1,1,1,1,Gd,6,Typ,0,,Detchd,1977.0,Unf,2,884,TA,TA,Y,0,64,0,0,0,0,,MnPrv,,0,10,2006,WD,Normal,146000
414,30,RM,56.0,8960,Pave,Grvl,Reg,Lvl,AllPub,Inside,Gtl,OldTown,Artery,Norm,1Fam,1Story,5,6,1927,1950,Gable,CompShg,WdShing,Wd Shng,,0.0,TA,TA,CBlock,TA,TA,No,Unf,0,Unf,0,1008,1008,GasA,Gd,Y,FuseA,1028,0,0,1028,0,0,1,0,2,1,TA,5,Typ,1,Gd,Detchd,1927.0,Unf,2,360,TA,TA,Y,0,0,130,0,0,0,,,,0,3,2010,WD,Normal,115000
596,20,RL,69.0,11302,Pave,,IR1,Lvl,AllPub,Inside,Gtl,StoneBr,Norm,Norm,1Fam,1Story,8,5,2005,2006,Gable,CompShg,VinylSd,Other,BrkFace,238.0,Gd,TA,PConc,Gd,TA,Gd,GLQ,1422,Unf,0,392,1814,GasA,Ex,Y,SBrkr,1826,0,0,1826,1,0,2,0,3,1,Gd,7,Typ,1,TA,Attchd,2005.0,Fin,3,758,TA,TA,Y,180,75,0,0,120,0,,,,0,8,2006,New,Partial,319000
690,120,RL,61.0,7577,Pave,,IR1,Lvl,AllPub,Corner,Gtl,NridgHt,Norm,Norm,TwnhsE,1Story,6,5,2005,2006,Gable,CompShg,VinylSd,VinylSd,Stone,256.0,Gd,TA,PConc,Gd,TA,Av,ALQ,20,Unf,0,1342,1362,GasA,Ex,Y,SBrkr,1362,0,0,1362,0,0,2,0,2,1,Gd,6,Typ,1,Gd,Attchd,2005.0,RFn,2,460,TA,TA,Y,192,28,0,0,0,0,,,,0,6,2007,WD,Normal,194700
463,20,RL,60.0,8281,Pave,,IR1,Lvl,AllPub,Inside,Gtl,Sawyer,Norm,Norm,1Fam,1Story,5,5,1965,1965,Gable,CompShg,MetalSd,MetalSd,,0.0,TA,TA,CBlock,TA,TA,No,Rec,553,BLQ,311,0,864,GasA,Gd,Y,SBrkr,864,0,0,864,0,0,1,0,3,1,TA,5,Typ,1,Po,Detchd,1965.0,Unf,1,360,TA,TA,Y,0,0,236,0,0,0,,GdWo,,0,12,2009,WD,Normal,62383
942,60,RL,,8755,Pave,,IR1,Lvl,AllPub,FR2,Gtl,Gilbert,RRNn,Norm,1Fam,2Story,7,5,1999,1999,Gable,CompShg,VinylSd,VinylSd,BrkFace,298.0,Gd,TA,PConc,Gd,TA,No,ALQ,772,Unf,0,220,992,GasA,Ex,Y,SBrkr,1022,1038,0,2060,1,0,2,1,3,1,Gd,8,Typ,1,TA,BuiltIn,1999.0,RFn,2,390,TA,TA,Y,0,0,0,168,0,0,,GdPrv,,0,6,2009,WD,Normal,214000
993,60,RL,80.0,9760,Pave,,Reg,Lvl,AllPub,Inside,Mod,mes,Norm,Norm,1Fam,2Story,6,8,1964,1993,Hip,CompShg,Wd Sdng,Wd Sdng,BrkFace,340.0,TA,TA,CBlock,TA,TA,Gd,BLQ,536,Rec,117,169,822,GasA,Gd,Y,SBrkr,1020,831,0,1851,0,0,2,1,3,1,Gd,7,Typ,1,Fa,Attchd,1964.0,RFn,2,440,TA,TA,Y,239,42,0,0,0,0,,MnWw,,0,7,2007,WD,Normal,187000
1329,50,RM,60.0,10440,Pave,Grvl,Reg,Lvl,AllPub,Corner,Gtl,OldTown,Norm,Norm,1Fam,1.5Fin,6,7,1920,1950,Gable,CompShg,BrkFace,Wd Sdng,,0.0,Gd,Gd,BrkTil,Gd,TA,No,LwQ,493,Unf,0,1017,1510,GasW,Ex,Y,SBrkr,1584,1208,0,2792,0,0,2,0,5,1,TA,8,Mod,2,TA,Detchd,1920.0,Unf,2,520,Fa,TA,Y,0,547,0,0,480,0,,MnPrv,Shed,1150,6,2008,WD,Normal,256000
904,20,RL,50.0,14859,Pave,,IR1,HLS,AllPub,CulDSac,Gtl,Gilbert,Norm,Norm,1Fam,1Story,7,5,2006,2006,Hip,CompShg,VinylSd,VinylSd,BrkFace,27.0,Gd,TA,PConc,Gd,TA,No,Unf,0,Unf,0,1670,1670,GasA,Ex,Y,SBrkr,1670,0,0,1670,0,0,2,0,3,1,Gd,7,Typ,1,Gd,Attchd,2006.0,RFn,3,690,TA,TA,Y,144,60,0,0,0,0,,,,0,8,2006,New,Partial,240000
666,60,RL,106.0,11194,Pave,,IR1,Lvl,AllPub,Corner,Gtl,Gilbert,Norm,Norm,1Fam,2Story,8,5,2000,2000,Gable,CompShg,VinylSd,VinylSd,BrkFace,40.0,Gd,TA,PConc,Gd,TA,No,Unf,0,Unf,0,1406,1406,GasA,Ex,Y,SBrkr,1454,482,0,1936,0,0,2,1,3,1,Gd,7,Typ,1,TA,Attchd,2000.0,RFn,2,504,TA,TA,Y,188,124,0,0,0,0,,,,0,11,2006,WD,Normal,230500
130,20,RL,69.0,8973,Pave,,Reg,Lvl,AllPub,Inside,Gtl,mes,Norm,Norm,1Fam,1Story,5,7,1958,1991,Gable,CompShg,Plywood,Plywood,BrkFace,85.0,TA,TA,CBlock,TA,TA,No,Rec,567,BLQ,28,413,1008,GasA,TA,Y,FuseA,1053,0,0,1053,0,1,1,1,3,1,Ex,6,Typ,0,,2Types,1998.0,RFn,2,750,TA,TA,Y,0,80,0,180,0,0,,MnWw,,0,7,2006,WD,Abnorml,150000
758,60,RL,,11616,Pave,,IR1,Lvl,AllPub,CulDSac,Gtl,Sawyer,Norm,Norm,1Fam,2Story,6,5,1978,1978,Hip,CompShg,HdBoard,HdBoard,BrkCmn,328.0,TA,TA,CBlock,TA,TA,Mn,Rec,438,Unf,0,234,672,GasA,TA,Y,SBrkr,672,714,0,1386,0,0,2,1,3,1,TA,6,Typ,1,TA,Attchd,1978.0,Fin,2,440,TA,TA,Y,335,0,0,0,0,0,,GdPrv,,0,4,2010,WD,Abnorml,158900
1389,20,RL,42.0,14892,Pave,,IR1,HLS,AllPub,CulDSac,Gtl,Gilbert,Norm,Norm,1Fam,1Story,9,5,2006,2007,Gable,CompShg,VinylSd,VinylSd,Stone,160.0,Ex,TA,PConc,Ex,TA,Gd,GLQ,1320,Unf,0,426,1746,GasA,Ex,Y,SBrkr,1746,0,0,1746,1,0,2,0,3,1,Ex,7,Typ,2,Gd,Attchd,2006.0,Fin,3,758,TA,TA,Y,201,39,0,0,0,0,,,,0,10,2009,WD,Normal,377500
227,60,RL,82.0,9950,Pave,,IR1,Lvl,AllPub,Inside,Gtl,NoRidge,Norm,Norm,1Fam,2Story,7,5,1995,1995,Gable,CompShg,VinylSd,VinylSd,BrkFace,290.0,Gd,TA,PConc,Gd,TA,No,GLQ,565,Unf,0,638,1203,GasA,Ex,Y,SBrkr,1214,1306,0,2520,0,0,2,1,4,1,Gd,9,Typ,1,TA,Attchd,1995.0,RFn,3,721,TA,TA,Y,224,114,0,0,0,0,,,,0,6,2007,WD,Abnorml,290000
645,20,FV,85.0,9187,Pave,,Reg,Lvl,AllPub,Inside,Gtl,Somerst,Norm,Norm,1Fam,1Story,9,5,2009,2009,Gable,CompShg,CemntBd,CmentBd,Stone,162.0,Ex,TA,PConc,Ex,TA,Mn,GLQ,1121,Unf,0,645,1766,GasA,Ex,Y,SBrkr,1766,0,0,1766,1,0,2,1,2,1,Ex,7,Typ,1,Gd,Attchd,2009.0,Fin,3,478,TA,TA,Y,195,130,0,0,0,0,,,,0,10,2009,New,Partial,370878
616,85,RL,80.0,8800,Pave,,Reg,Lvl,AllPub,Inside,Gtl,mes,Feedr,Norm,1Fam,SFoyer,6,7,1963,1963,Gable,CompShg,MetalSd,MetalSd,BrkFace,156.0,TA,Gd,PConc,TA,TA,Gd,GLQ,763,Unf,0,173,936,GasA,Ex,Y,SBrkr,1054,0,0,1054,1,0,1,0,3,1,Gd,6,Typ,0,,Attchd,1963.0,RFn,2,480,TA,TA,Y,120,0,0,0,0,0,,MnPrv,,0,5,2010,WD,Abnorml,137500
1152,20,RL,134.0,17755,Pave,,Reg,Lvl,AllPub,Inside,Gtl,Edwards,Norm,Norm,1Fam,1Story,5,4,1959,1959,Gable,CompShg,HdBoard,Plywood,BrkFace,132.0,TA,TA,CBlock,TA,TA,No,BLQ,176,Unf,0,1290,1466,GasA,TA,Y,SBrkr,1466,0,0,1466,0,0,1,1,3,1,Fa,6,Typ,2,Gd,Attchd,1959.0,Fin,2,528,TA,TA,Y,0,140,0,0,100,0,,,,0,11,2006,WD,Normal,149900
654,50,RM,60.0,10320,Pave,Grvl,Reg,Lvl,AllPub,Inside,Gtl,IDOTRR,Norm,Norm,1Fam,1.5Fin,6,7,1906,1995,Gable,CompShg,MetalSd,MetalSd,,0.0,TA,TA,CBlock,TA,TA,No,Unf,0,Unf,0,756,756,GasA,Ex,Y,SBrkr,756,713,0,1469,0,0,1,0,3,1,TA,7,Typ,0,,Detchd,1906.0,Unf,1,216,TA,TA,Y,57,0,239,0,0,0,,MnPrv,,0,6,2008,WD,Normal,135000
993,60,RL,80.0,9760,Pave,,Reg,Lvl,AllPub,Inside,Mod,mes,Norm,Norm,1Fam,2Story,6,8,1964,1993,Hip,CompShg,Wd Sdng,Wd Sdng,BrkFace,340.0,TA,TA,CBlock,TA,TA,Gd,BLQ,536,Rec,117,169,822,GasA,Gd,Y,SBrkr,1020,831,0,1851,0,0,2,1,3,1,Gd,7,Typ,1,Fa,Attchd,1964.0,RFn,2,440,TA,TA,Y,239,42,0,0,0,0,,MnWw,,0,7,2007,WD,Normal,187000
679,20,RL,80.0,11844,Pave,,IR1,Lvl,AllPub,Inside,Gtl,StoneBr,Norm,Norm,1Fam,1Story,8,5,2008,2008,Hip,CompShg,VinylSd,VinylSd,Stone,464.0,Gd,TA,PConc,Ex,TA,Mn,Unf,0,Unf,0,2046,2046,GasA,Ex,Y,SBrkr,2046,0,0,2046,0,0,2,1,3,1,Gd,7,Typ,1,Gd,Attchd,2008.0,Fin,3,834,TA,TA,Y,322,82,0,0,0,0,,,,0,7,2009,New,Partial,372500
210,20,RL,75.0,8250,Pave,,Reg,Lvl,AllPub,Inside,Gtl,mes,Norm,Norm,1Fam,1Story,6,7,1964,1964,Hip,CompShg,HdBoard,HdBoard,Stone,260.0,TA,TA,CBlock,Gd,TA,No,Rec,787,Unf,0,305,1092,GasA,Ex,Y,SBrkr,1092,0,0,1092,1,0,1,0,3,1,TA,6,Typ,0,,Attchd,1964.0,RFn,2,504,TA,Gd,Y,0,0,0,0,0,0,,MnPrv,,0,7,2008,WD,Normal,145000
382,20,FV,60.0,7200,Pave,Pave,Reg,Lvl,AllPub,Inside,Gtl,Somerst,Norm,Norm,1Fam,1Story,7,5,2006,2006,Gable,CompShg,VinylSd,VinylSd,,0.0,Gd,TA,PConc,Gd,Gd,No,Unf,0,Unf,0,1293,1293,GasA,Ex,Y,SBrkr,1301,0,0,1301,1,0,2,0,2,1,Gd,5,Typ,1,Gd,Attchd,2006.0,RFn,2,572,TA,TA,Y,216,121,0,0,0,0,,,,0,8,2006,New,Partial,187750
1370,20,RL,48.0,10635,Pave,,IR2,Lvl,AllPub,FR2,Gtl,CollgCr,Norm,Norm,1Fam,1Story,8,5,2003,2003,Hip,CompShg,VinylSd,VinylSd,BrkFace,171.0,Gd,TA,PConc,Gd,TA,Av,BLQ,370,GLQ,972,315,1657,GasA,Ex,Y,SBrkr,1668,0,0,1668,1,0,2,0,3,1,Gd,8,Typ,1,TA,Attchd,2003.0,Fin,2,502,TA,TA,Y,0,262,0,0,0,0,,,,0,5,2010,WD,Normal,232000
8,60,RL,,10382,Pave,,IR1,Lvl,AllPub,Corner,Gtl,NWAmes,PosN,Norm,1Fam,2Story,7,6,1973,1973,Gable,CompShg,HdBoard,HdBoard,Stone,240.0,TA,TA,CBlock,Gd,TA,Mn,ALQ,859,BLQ,32,216,1107,GasA,Ex,Y,SBrkr,1107,983,0,2090,1,0,2,1,3,1,TA,7,Typ,2,TA,Attchd,1973.0,RFn,2,484,TA,TA,Y,235,204,228,0,0,0,,,Shed,350,11,2009,WD,Normal,200000
159,60,FV,100.0,12552,Pave,,Reg,Lvl,AllPub,Corner,Gtl,Somerst,Norm,Norm,1Fam,2Story,7,5,2004,2005,Gable,CompShg,VinylSd,VinylSd,,0.0,Gd,TA,PConc,Gd,TA,No,GLQ,222,Unf,0,769,991,GasA,Ex,Y,SBrkr,991,956,0,1947,0,0,2,1,3,1,Gd,8,Typ,1,Gd,Attchd,2004.0,RFn,2,678,TA,TA,Y,0,136,0,0,0,0,,GdWo,,0,5,2010,WD,Normal,254900
666,60,RL,106.0,11194,Pave,,IR1,Lvl,AllPub,Corner,Gtl,Gilbert,Norm,Norm,1Fam,2Story,8,5,2000,2000,Gable,CompShg,VinylSd,VinylSd,BrkFace,40.0,Gd,TA,PConc,Gd,TA,No,Unf,0,Unf,0,1406,1406,GasA,Ex,Y,SBrkr,1454,482,0,1936,0,0,2,1,3,1,Gd,7,Typ,1,TA,Attchd,2000.0,RFn,2,504,TA,TA,Y,188,124,0,0,0,0,,,,0,11,2006,WD,Normal,230500
41,20,RL,84.0,8658,Pave,,Reg,Lvl,AllPub,Inside,Gtl,mes,Norm,Norm,1Fam,1Story,6,5,1965,1965,Gable,CompShg,Wd Sdng,Wd Sdng,BrkFace,101.0,TA,TA,CBlock,TA,TA,No,Rec,643,Unf,0,445,1088,GasA,Ex,Y,SBrkr,1324,0,0,1324,0,0,2,0,3,1,TA,6,Typ,1,TA,Attchd,1965.0,RFn,2,440,TA,TA,Y,0,138,0,0,0,0,,GdWo,,0,12,2006,WD,Abnorml,160000
696,20,RL,54.0,13811,Pave,,IR1,Lvl,AllPub,Inside,Gtl,Timber,Norm,Norm,1Fam,1Story,6,6,1987,1987,Gable,CompShg,HdBoard,HdBoard,BrkFace,72.0,TA,TA,CBlock,Gd,Gd,No,GLQ,980,LwQ,40,92,1112,GasA,Gd,Y,SBrkr,1137,0,0,1137,1,0,2,0,2,1,Gd,5,Typ,1,TA,Attchd,1987.0,Unf,2,551,TA,TA,Y,125,0,0,0,0,0,,,,0,7,2006,WD,Normal,176000
885,20,RL,65.0,7150,Pave,,Reg,Lvl,AllPub,Inside,Gtl,mes,Norm,Norm,1Fam,1Story,5,5,1967,1967,Gable,CompShg,HdBoard,HdBoard,BrkFace,60.0,TA,TA,CBlock,TA,TA,No,BLQ,432,Unf,0,460,892,GasA,TA,Y,SBrkr,892,0,0,892,0,0,1,0,3,1,TA,5,Typ,0,,Attchd,1967.0,RFn,1,288,TA,TA,Y,0,0,0,0,0,0,,GdWo,,0,7,2009,WD,Normal,100000
684,20,RL,90.0,11248,Pave,,IR1,Lvl,AllPub,Corner,Gtl,CollgCr,Norm,Norm,1Fam,1Story,9,5,2002,2002,Hip,CompShg,VinylSd,VinylSd,Stone,215.0,Gd,TA,PConc,Gd,TA,Av,GLQ,1059,Unf,0,567,1626,GasA,Ex,Y,SBrkr,1668,0,0,1668,1,0,2,0,3,1,Gd,7,Typ,1,TA,Attchd,2002.0,Fin,3,702,TA,TA,Y,257,45,0,0,0,0,,,,0,7,2007,WD,Normal,285000
414,30,RM,56.0,8960,Pave,Grvl,Reg,Lvl,AllPub,Inside,Gtl,OldTown,Artery,Norm,1Fam,1Story,5,6,1927,1950,Gable,CompShg,WdShing,Wd Shng,,0.0,TA,TA,CBlock,TA,TA,No,Unf,0,Unf,0,1008,1008,GasA,Gd,Y,FuseA,1028,0,0,1028,0,0,1,0,2,1,TA,5,Typ,1,Gd,Detchd,1927.0,Unf,2,360,TA,TA,Y,0,0,130,0,0,0,,,,0,3,2010,WD,Normal,115000
254,80,RL,85.0,9350,Pave,,Reg,Lvl,AllPub,Inside,Gtl,mes,Norm,Norm,1Fam,SLvl,6,7,1964,1991,Hip,CompShg,HdBoard,HdBoard,BrkFace,108.0,TA,TA,CBlock,Gd,TA,Gd,LwQ,270,ALQ,580,452,1302,GasA,Ex,Y,SBrkr,1302,0,0,1302,0,1,2,0,3,1,Gd,7,Min1,0,,Attchd,1964.0,RFn,1,309,TA,TA,Y,333,0,0,0,0,0,,MnPrv,,0,10,2007,CWD,Normal,158000
174,20,RL,80.0,10197,Pave,,IR1,Lvl,AllPub,Inside,Gtl,mes,Norm,Norm,1Fam,1Story,6,5,1961,1961,Gable,CompShg,WdShing,Wd Shng,BrkCmn,491.0,TA,TA,CBlock,TA,TA,No,ALQ,288,Rec,374,700,1362,GasA,TA,Y,SBrkr,1362,0,0,1362,1,0,1,1,3,1,TA,6,Typ,1,TA,Attchd,1961.0,Unf,2,504,TA,TA,Y,0,20,0,0,0,0,,,,0,6,2008,COD,Normal,163000
826,20,RL,114.0,14803,Pave,,Reg,Lvl,AllPub,Inside,Gtl,NridgHt,PosN,PosN,1Fam,1Story,10,5,2007,2008,Hip,CompShg,CemntBd,CmentBd,BrkFace,816.0,Ex,TA,PConc,Ex,TA,Av,GLQ,1636,Unf,0,442,2078,GasA,Ex,Y,SBrkr,2084,0,0,2084,1,0,2,0,2,1,Ex,7,Typ,1,Gd,Attchd,2007.0,Fin,3,1220,TA,TA,Y,188,45,0,0,0,0,,,,0,6,2008,New,Partial,385000
1253,20,RL,62.0,9858,Pave,,Reg,Lvl,AllPub,Inside,Gtl,Mitchel,Norm,Norm,1Fam,1Story,5,6,1968,1968,Gable,CompShg,HdBoard,HdBoard,,0.0,TA,TA,CBlock,TA,TA,No,BLQ,510,Unf,0,354,864,GasA,TA,Y,SBrkr,874,0,0,874,1,0,1,0,3,1,TA,5,Typ,0,,Attchd,1968.0,RFn,1,288,TA,TA,Y,33,0,0,0,0,0,,GdWo,Shed,600,11,2009,WD,Normal,130000
1053,60,RL,100.0,9500,Pave,,Reg,Lvl,AllPub,Corner,Gtl,mes,Artery,Norm,1Fam,2Story,6,6,1964,1978,Gable,CompShg,VinylSd,VinylSd,BrkCmn,272.0,TA,TA,CBlock,TA,TA,No,Rec,442,Unf,0,374,816,GasA,TA,Y,SBrkr,1127,850,0,1977,0,1,1,1,4,1,TA,9,Typ,1,TA,Attchd,1964.0,RFn,2,540,TA,TA,Y,0,52,0,0,0,0,,GdPrv,,0,6,2007,WD,Normal,165000
582,20,RL,98.0,12704,Pave,,Reg,Lvl,AllPub,Inside,Gtl,NridgHt,Norm,Norm,1Fam,1Story,8,5,2008,2009,Hip,CompShg,VinylSd,VinylSd,BrkFace,306.0,Ex,TA,PConc,Ex,TA,No,Unf,0,Unf,0,2042,2042,GasA,Ex,Y,SBrkr,2042,0,0,2042,0,0,2,1,3,1,Ex,8,Typ,1,Gd,Attchd,2009.0,RFn,3,1390,TA,TA,Y,0,90,0,0,0,0,,,,0,8,2009,New,Partial,253293
668,20,RL,65.0,8125,Pave,,Reg,Lvl,AllPub,Inside,Gtl,SawyerW,Norm,Norm,1Fam,1Story,6,5,1994,1998,Gable,CompShg,HdBoard,HdBoard,BrkFace,258.0,TA,TA,PConc,Gd,TA,No,GLQ,1138,Unf,0,270,1408,GasA,Ex,Y,SBrkr,1679,0,0,1679,1,0,2,0,3,1,Gd,7,Typ,1,Fa,Attchd,1994.0,RFn,2,575,TA,TA,Y,224,42,0,0,0,0,,,,0,10,2008,WD,Normal,193500
982,60,RL,98.0,12203,Pave,,IR1,Lvl,AllPub,Corner,Gtl,NoRidge,Norm,Norm,1Fam,2Story,8,5,1998,1999,Hip,CompShg,VinylSd,VinylSd,BrkFace,975.0,Gd,TA,PConc,Gd,TA,No,GLQ,854,Unf,0,371,1225,GasA,Ex,Y,SBrkr,1276,1336,0,2612,1,0,2,1,4,1,Gd,8,Typ,1,TA,Attchd,1998.0,Fin,3,676,TA,TA,Y,250,0,0,0,0,0,,,,0,7,2009,WD,Normal,336000
